cell_id	poi_count_total	poi_amenity_count	poi_shop_count	poi_tourism_count	poi_leisure_count	poi_office_count	poi_public_transport_count	poi_log1p_total
1_1	0	0	0	0	0	0	0	0.0
1_2	0	0	0	0	0	0	0	0.0
1_3	0	0	0	0	0	0	0	0.0
1_4	0	0	0	0	0	0	0	0.0
1_5	0	0	0	0	0	0	0	0.0
1_6	141	87	20	17	4	5	8	4.955827057601261
1_7	343	262	40	14	18	6	3	5.840641657373398
1_8	109	90	3	5	7	1	3	4.700480365792417
1_9	202	125	28	11	16	9	13	5.313205979041787
1_10	638	509	57	18	37	15	2	6.459904454377535
1_11	458	361	37	13	20	15	12	6.129050210060545
1_12	10	7	0	0	3	0	0	2.3978952727983707
1_13	10	5	0	0	1	4	0	2.3978952727983707
1_14	5	5	0	0	0	0	0	1.791759469228055
1_15	1	0	0	1	0	0	0	0.6931471805599453
1_16	1	1	0	0	0	0	0	0.6931471805599453
1_17	2	2	0	0	0	0	0	1.0986122886681098
1_18	4	3	0	1	0	0	0	1.6094379124341003
1_19	0	0	0	0	0	0	0	0.0
1_20	0	0	0	0	0	0	0	0.0
1_21	0	0	0	0	0	0	0	0.0
1_22	0	0	0	0	0	0	0	0.0
1_23	0	0	0	0	0	0	0	0.0
1_24	0	0	0	0	0	0	0	0.0
1_25	0	0	0	0	0	0	0	0.0
1_26	0	0	0	0	0	0	0	0.0
1_27	0	0	0	0	0	0	0	0.0
1_28	0	0	0	0	0	0	0	0.0
1_29	0	0	0	0	0	0	0	0.0
1_30	1	0	0	1	0	0	0	0.6931471805599453
1_31	0	0	0	0	0	0	0	0.0
1_32	0	0	0	0	0	0	0	0.0
1_33	0	0	0	0	0	0	0	0.0
1_34	0	0	0	0	0	0	0	0.0
1_35	1	0	0	1	0	0	0	0.6931471805599453
1_36	0	0	0	0	0	0	0	0.0
1_37	0	0	0	0	0	0	0	0.0
1_38	0	0	0	0	0	0	0	0.0
1_39	1	1	0	0	0	0	0	0.6931471805599453
1_40	0	0	0	0	0	0	0	0.0
1_41	0	0	0	0	0	0	0	0.0
1_42	0	0	0	0	0	0	0	0.0
1_43	1	0	0	1	0	0	0	0.6931471805599453
1_44	0	0	0	0	0	0	0	0.0
1_45	0	0	0	0	0	0	0	0.0
1_46	0	0	0	0	0	0	0	0.0
1_47	0	0	0	0	0	0	0	0.0
1_48	0	0	0	0	0	0	0	0.0
1_49	0	0	0	0	0	0	0	0.0
1_50	0	0	0	0	0	0	0	0.0
1_51	0	0	0	0	0	0	0	0.0
1_52	0	0	0	0	0	0	0	0.0
1_53	0	0	0	0	0	0	0	0.0
1_54	0	0	0	0	0	0	0	0.0
1_55	0	0	0	0	0	0	0	0.0
1_56	1	1	0	0	0	0	0	0.6931471805599453
1_57	0	0	0	0	0	0	0	0.0
1_58	1	1	0	0	0	0	0	0.6931471805599453
1_59	26	12	11	0	1	1	1	3.295836866004329
1_60	9	4	4	0	1	0	0	2.302585092994046
1_61	0	0	0	0	0	0	0	0.0
1_62	0	0	0	0	0	0	0	0.0
1_63	0	0	0	0	0	0	0	0.0
1_64	0	0	0	0	0	0	0	0.0
1_65	0	0	0	0	0	0	0	0.0
1_66	1	1	0	0	0	0	0	0.6931471805599453
1_67	3	3	0	0	0	0	0	1.3862943611198906
1_68	0	0	0	0	0	0	0	0.0
1_69	0	0	0	0	0	0	0	0.0
1_70	0	0	0	0	0	0	0	0.0
1_71	0	0	0	0	0	0	0	0.0
1_72	0	0	0	0	0	0	0	0.0
1_73	0	0	0	0	0	0	0	0.0
1_74	0	0	0	0	0	0	0	0.0
1_75	2	1	0	1	0	0	0	1.0986122886681098
1_76	1	0	0	1	0	0	0	0.6931471805599453
1_77	0	0	0	0	0	0	0	0.0
1_78	6	3	0	3	0	0	0	1.9459101490553132
1_79	5	1	0	1	0	0	3	1.791759469228055
1_80	0	0	0	0	0	0	0	0.0
1_81	0	0	0	0	0	0	0	0.0
1_82	0	0	0	0	0	0	0	0.0
1_83	0	0	0	0	0	0	0	0.0
1_84	0	0	0	0	0	0	0	0.0
1_85	0	0	0	0	0	0	0	0.0
1_86	0	0	0	0	0	0	0	0.0
1_87	0	0	0	0	0	0	0	0.0
1_88	0	0	0	0	0	0	0	0.0
1_89	0	0	0	0	0	0	0	0.0
1_90	0	0	0	0	0	0	0	0.0
1_91	1	0	1	0	0	0	0	0.6931471805599453
1_92	52	30	10	1	5	2	4	3.970291913552122
1_93	31	14	3	1	3	0	10	3.4657359027997265
1_94	37	20	3	0	5	0	9	3.6375861597263857
1_95	1	1	0	0	0	0	0	0.6931471805599453
1_96	56	39	5	1	10	1	0	4.04305126783455
1_97	109	58	27	1	17	1	5	4.700480365792417
1_98	20	12	1	1	6	0	0	3.044522437723423
1_99	0	0	0	0	0	0	0	0.0
1_100	0	0	0	0	0	0	0	0.0
2_1	0	0	0	0	0	0	0	0.0
2_2	0	0	0	0	0	0	0	0.0
2_3	0	0	0	0	0	0	0	0.0
2_4	0	0	0	0	0	0	0	0.0
2_5	88	55	11	17	1	0	4	4.48863636973214
2_6	133	103	6	5	16	3	0	4.897839799950911
2_7	69	55	8	0	6	0	0	4.248495242049359
2_8	115	94	9	5	3	2	2	4.7535901911063645
2_9	336	237	44	33	14	6	2	5.820082930352362
2_10	45	41	3	1	0	0	0	3.828641396489095
2_11	75	64	0	7	3	1	0	4.330733340286331
2_12	86	69	2	9	3	1	2	4.465908118654584
2_13	34	31	1	0	2	0	0	3.5553480614894135
2_14	0	0	0	0	0	0	0	0.0
2_15	0	0	0	0	0	0	0	0.0
2_16	0	0	0	0	0	0	0	0.0
2_17	26	10	2	13	1	0	0	3.295836866004329
2_18	17	10	0	7	0	0	0	2.8903717578961645
2_19	0	0	0	0	0	0	0	0.0
2_20	0	0	0	0	0	0	0	0.0
2_21	0	0	0	0	0	0	0	0.0
2_22	1	1	0	0	0	0	0	0.6931471805599453
2_23	0	0	0	0	0	0	0	0.0
2_24	0	0	0	0	0	0	0	0.0
2_25	0	0	0	0	0	0	0	0.0
2_26	0	0	0	0	0	0	0	0.0
2_27	0	0	0	0	0	0	0	0.0
2_28	0	0	0	0	0	0	0	0.0
2_29	0	0	0	0	0	0	0	0.0
2_30	0	0	0	0	0	0	0	0.0
2_31	0	0	0	0	0	0	0	0.0
2_32	0	0	0	0	0	0	0	0.0
2_33	0	0	0	0	0	0	0	0.0
2_34	0	0	0	0	0	0	0	0.0
2_35	0	0	0	0	0	0	0	0.0
2_36	0	0	0	0	0	0	0	0.0
2_37	2	2	0	0	0	0	0	1.0986122886681098
2_38	1	0	0	1	0	0	0	0.6931471805599453
2_39	0	0	0	0	0	0	0	0.0
2_40	0	0	0	0	0	0	0	0.0
2_41	0	0	0	0	0	0	0	0.0
2_42	0	0	0	0	0	0	0	0.0
2_43	0	0	0	0	0	0	0	0.0
2_44	0	0	0	0	0	0	0	0.0
2_45	0	0	0	0	0	0	0	0.0
2_46	0	0	0	0	0	0	0	0.0
2_47	0	0	0	0	0	0	0	0.0
2_48	0	0	0	0	0	0	0	0.0
2_49	2	2	0	0	0	0	0	1.0986122886681098
2_50	0	0	0	0	0	0	0	0.0
2_51	0	0	0	0	0	0	0	0.0
2_52	0	0	0	0	0	0	0	0.0
2_53	1	1	0	0	0	0	0	0.6931471805599453
2_54	3	3	0	0	0	0	0	1.3862943611198906
2_55	0	0	0	0	0	0	0	0.0
2_56	0	0	0	0	0	0	0	0.0
2_57	0	0	0	0	0	0	0	0.0
2_58	126	64	27	19	13	0	3	4.844187086458591
2_59	11	7	0	3	0	1	0	2.4849066497880004
2_60	0	0	0	0	0	0	0	0.0
2_61	0	0	0	0	0	0	0	0.0
2_62	0	0	0	0	0	0	0	0.0
2_63	0	0	0	0	0	0	0	0.0
2_64	0	0	0	0	0	0	0	0.0
2_65	0	0	0	0	0	0	0	0.0
2_66	0	0	0	0	0	0	0	0.0
2_67	0	0	0	0	0	0	0	0.0
2_68	0	0	0	0	0	0	0	0.0
2_69	0	0	0	0	0	0	0	0.0
2_70	0	0	0	0	0	0	0	0.0
2_71	0	0	0	0	0	0	0	0.0
2_72	0	0	0	0	0	0	0	0.0
2_73	0	0	0	0	0	0	0	0.0
2_74	4	0	0	4	0	0	0	1.6094379124341003
2_75	5	1	0	3	0	0	1	1.791759469228055
2_76	0	0	0	0	0	0	0	0.0
2_77	0	0	0	0	0	0	0	0.0
2_78	4	1	0	3	0	0	0	1.6094379124341003
2_79	1	1	0	0	0	0	0	0.6931471805599453
2_80	12	1	0	8	0	0	3	2.5649493574615367
2_81	0	0	0	0	0	0	0	0.0
2_82	2	0	0	2	0	0	0	1.0986122886681098
2_83	0	0	0	0	0	0	0	0.0
2_84	1	1	0	0	0	0	0	0.6931471805599453
2_85	0	0	0	0	0	0	0	0.0
2_86	0	0	0	0	0	0	0	0.0
2_87	0	0	0	0	0	0	0	0.0
2_88	0	0	0	0	0	0	0	0.0
2_89	0	0	0	0	0	0	0	0.0
2_90	0	0	0	0	0	0	0	0.0
2_91	0	0	0	0	0	0	0	0.0
2_92	18	12	1	0	5	0	0	2.9444389791664403
2_93	15	9	4	0	2	0	0	2.772588722239781
2_94	26	13	2	0	11	0	0	3.295836866004329
2_95	39	27	4	2	0	1	5	3.6888794541139363
2_96	135	80	21	3	9	2	20	4.912654885736052
2_97	808	414	108	178	40	11	57	6.695798917058491
2_98	120	75	1	3	34	1	6	4.795790545596741
2_99	6	4	1	0	1	0	0	1.9459101490553132
2_100	0	0	0	0	0	0	0	0.0
3_1	0	0	0	0	0	0	0	0.0
3_2	0	0	0	0	0	0	0	0.0
3_3	0	0	0	0	0	0	0	0.0
3_4	0	0	0	0	0	0	0	0.0
3_5	49	35	1	11	0	1	1	3.912023005428146
3_6	100	80	2	12	3	1	2	4.61512051684126
3_7	33	30	0	1	1	0	1	3.5263605246161616
3_8	45	17	1	10	16	1	0	3.828641396489095
3_9	11	8	0	0	0	3	0	2.4849066497880004
3_10	106	86	6	8	5	1	0	4.672828834461906
3_11	35	24	0	5	5	1	0	3.58351893845611
3_12	6	6	0	0	0	0	0	1.9459101490553132
3_13	18	15	0	0	1	1	1	2.9444389791664403
3_14	0	0	0	0	0	0	0	0.0
3_15	0	0	0	0	0	0	0	0.0
3_16	0	0	0	0	0	0	0	0.0
3_17	16	12	0	0	3	0	1	2.833213344056216
3_18	55	27	2	22	3	0	1	4.02535169073515
3_19	4	4	0	0	0	0	0	1.6094379124341003
3_20	0	0	0	0	0	0	0	0.0
3_21	0	0	0	0	0	0	0	0.0
3_22	0	0	0	0	0	0	0	0.0
3_23	0	0	0	0	0	0	0	0.0
3_24	4	3	0	1	0	0	0	1.6094379124341003
3_25	0	0	0	0	0	0	0	0.0
3_26	0	0	0	0	0	0	0	0.0
3_27	0	0	0	0	0	0	0	0.0
3_28	0	0	0	0	0	0	0	0.0
3_29	0	0	0	0	0	0	0	0.0
3_30	0	0	0	0	0	0	0	0.0
3_31	0	0	0	0	0	0	0	0.0
3_32	0	0	0	0	0	0	0	0.0
3_33	0	0	0	0	0	0	0	0.0
3_34	0	0	0	0	0	0	0	0.0
3_35	1	0	0	1	0	0	0	0.6931471805599453
3_36	1	1	0	0	0	0	0	0.6931471805599453
3_37	2	1	0	1	0	0	0	1.0986122886681098
3_38	1	1	0	0	0	0	0	0.6931471805599453
3_39	6	5	0	1	0	0	0	1.9459101490553132
3_40	7	6	0	1	0	0	0	2.0794415416798357
3_41	2	2	0	0	0	0	0	1.0986122886681098
3_42	6	5	0	1	0	0	0	1.9459101490553132
3_43	2	2	0	0	0	0	0	1.0986122886681098
3_44	166	78	16	64	6	0	2	5.117993812416755
3_45	0	0	0	0	0	0	0	0.0
3_46	0	0	0	0	0	0	0	0.0
3_47	2	2	0	0	0	0	0	1.0986122886681098
3_48	0	0	0	0	0	0	0	0.0
3_49	0	0	0	0	0	0	0	0.0
3_50	0	0	0	0	0	0	0	0.0
3_51	0	0	0	0	0	0	0	0.0
3_52	0	0	0	0	0	0	0	0.0
3_53	1	0	0	0	1	0	0	0.6931471805599453
3_54	0	0	0	0	0	0	0	0.0
3_55	5	4	0	0	1	0	0	1.791759469228055
3_56	11	6	0	1	2	1	1	2.4849066497880004
3_57	12	9	0	1	1	0	1	2.5649493574615367
3_58	3	3	0	0	0	0	0	1.3862943611198906
3_59	0	0	0	0	0	0	0	0.0
3_60	1	0	0	0	1	0	0	0.6931471805599453
3_61	0	0	0	0	0	0	0	0.0
3_62	0	0	0	0	0	0	0	0.0
3_63	0	0	0	0	0	0	0	0.0
3_64	0	0	0	0	0	0	0	0.0
3_65	0	0	0	0	0	0	0	0.0
3_66	0	0	0	0	0	0	0	0.0
3_67	0	0	0	0	0	0	0	0.0
3_68	0	0	0	0	0	0	0	0.0
3_69	0	0	0	0	0	0	0	0.0
3_70	0	0	0	0	0	0	0	0.0
3_71	0	0	0	0	0	0	0	0.0
3_72	0	0	0	0	0	0	0	0.0
3_73	2	2	0	0	0	0	0	1.0986122886681098
3_74	5	4	1	0	0	0	0	1.791759469228055
3_75	6	5	0	0	1	0	0	1.9459101490553132
3_76	2	0	0	2	0	0	0	1.0986122886681098
3_77	23	3	0	18	0	0	2	3.1780538303479458
3_78	0	0	0	0	0	0	0	0.0
3_79	0	0	0	0	0	0	0	0.0
3_80	66	20	5	30	6	0	5	4.204692619390966
3_81	4	2	0	2	0	0	0	1.6094379124341003
3_82	21	5	1	15	0	0	0	3.091042453358316
3_83	3	1	0	2	0	0	0	1.3862943611198906
3_84	1	0	0	1	0	0	0	0.6931471805599453
3_85	0	0	0	0	0	0	0	0.0
3_86	0	0	0	0	0	0	0	0.0
3_87	0	0	0	0	0	0	0	0.0
3_88	0	0	0	0	0	0	0	0.0
3_89	0	0	0	0	0	0	0	0.0
3_90	0	0	0	0	0	0	0	0.0
3_91	1	1	0	0	0	0	0	0.6931471805599453
3_92	1	0	0	0	1	0	0	0.6931471805599453
3_93	18	9	0	0	9	0	0	2.9444389791664403
3_94	11	1	2	0	1	0	7	2.4849066497880004
3_95	17	5	0	0	9	0	3	2.8903717578961645
3_96	45	19	1	10	9	0	6	3.828641396489095
3_97	123	49	14	5	34	1	20	4.820281565605037
3_98	80	35	4	5	31	0	5	4.394449154672439
3_99	9	3	0	1	5	0	0	2.302585092994046
3_100	0	0	0	0	0	0	0	0.0
4_1	0	0	0	0	0	0	0	0.0
4_2	0	0	0	0	0	0	0	0.0
4_3	0	0	0	0	0	0	0	0.0
4_4	0	0	0	0	0	0	0	0.0
4_5	0	0	0	0	0	0	0	0.0
4_6	0	0	0	0	0	0	0	0.0
4_7	0	0	0	0	0	0	0	0.0
4_8	0	0	0	0	0	0	0	0.0
4_9	1	1	0	0	0	0	0	0.6931471805599453
4_10	18	15	1	1	0	1	0	2.9444389791664403
4_11	8	4	2	1	1	0	0	2.1972245773362196
4_12	9	5	0	3	1	0	0	2.302585092994046
4_13	3	3	0	0	0	0	0	1.3862943611198906
4_14	1	0	0	0	1	0	0	0.6931471805599453
4_15	7	7	0	0	0	0	0	2.0794415416798357
4_16	1	1	0	0	0	0	0	0.6931471805599453
4_17	13	10	3	0	0	0	0	2.6390573296152584
4_18	6	5	0	0	1	0	0	1.9459101490553132
4_19	0	0	0	0	0	0	0	0.0
4_20	0	0	0	0	0	0	0	0.0
4_21	0	0	0	0	0	0	0	0.0
4_22	0	0	0	0	0	0	0	0.0
4_23	0	0	0	0	0	0	0	0.0
4_24	0	0	0	0	0	0	0	0.0
4_25	0	0	0	0	0	0	0	0.0
4_26	0	0	0	0	0	0	0	0.0
4_27	0	0	0	0	0	0	0	0.0
4_28	0	0	0	0	0	0	0	0.0
4_29	0	0	0	0	0	0	0	0.0
4_30	0	0	0	0	0	0	0	0.0
4_31	3	2	1	0	0	0	0	1.3862943611198906
4_32	0	0	0	0	0	0	0	0.0
4_33	3	3	0	0	0	0	0	1.3862943611198906
4_34	0	0	0	0	0	0	0	0.0
4_35	5	5	0	0	0	0	0	1.791759469228055
4_36	0	0	0	0	0	0	0	0.0
4_37	0	0	0	0	0	0	0	0.0
4_38	1	0	0	1	0	0	0	0.6931471805599453
4_39	0	0	0	0	0	0	0	0.0
4_40	0	0	0	0	0	0	0	0.0
4_41	0	0	0	0	0	0	0	0.0
4_42	0	0	0	0	0	0	0	0.0
4_43	1	1	0	0	0	0	0	0.6931471805599453
4_44	29	21	1	5	2	0	0	3.4011973816621555
4_45	0	0	0	0	0	0	0	0.0
4_46	0	0	0	0	0	0	0	0.0
4_47	0	0	0	0	0	0	0	0.0
4_48	0	0	0	0	0	0	0	0.0
4_49	0	0	0	0	0	0	0	0.0
4_50	1	1	0	0	0	0	0	0.6931471805599453
4_51	0	0	0	0	0	0	0	0.0
4_52	0	0	0	0	0	0	0	0.0
4_53	0	0	0	0	0	0	0	0.0
4_54	0	0	0	0	0	0	0	0.0
4_55	1	1	0	0	0	0	0	0.6931471805599453
4_56	1	1	0	0	0	0	0	0.6931471805599453
4_57	0	0	0	0	0	0	0	0.0
4_58	0	0	0	0	0	0	0	0.0
4_59	0	0	0	0	0	0	0	0.0
4_60	1	1	0	0	0	0	0	0.6931471805599453
4_61	1	0	0	0	1	0	0	0.6931471805599453
4_62	0	0	0	0	0	0	0	0.0
4_63	0	0	0	0	0	0	0	0.0
4_64	0	0	0	0	0	0	0	0.0
4_65	0	0	0	0	0	0	0	0.0
4_66	0	0	0	0	0	0	0	0.0
4_67	3	3	0	0	0	0	0	1.3862943611198906
4_68	0	0	0	0	0	0	0	0.0
4_69	0	0	0	0	0	0	0	0.0
4_70	0	0	0	0	0	0	0	0.0
4_71	0	0	0	0	0	0	0	0.0
4_72	0	0	0	0	0	0	0	0.0
4_73	0	0	0	0	0	0	0	0.0
4_74	0	0	0	0	0	0	0	0.0
4_75	0	0	0	0	0	0	0	0.0
4_76	0	0	0	0	0	0	0	0.0
4_77	22	14	0	7	0	0	1	3.1354942159291497
4_78	11	6	1	0	1	0	3	2.4849066497880004
4_79	6	3	0	2	0	0	1	1.9459101490553132
4_80	0	0	0	0	0	0	0	0.0
4_81	5	2	0	3	0	0	0	1.791759469228055
4_82	0	0	0	0	0	0	0	0.0
4_83	10	2	1	7	0	0	0	2.3978952727983707
4_84	0	0	0	0	0	0	0	0.0
4_85	0	0	0	0	0	0	0	0.0
4_86	1	0	0	1	0	0	0	0.6931471805599453
4_87	0	0	0	0	0	0	0	0.0
4_88	0	0	0	0	0	0	0	0.0
4_89	3	2	0	1	0	0	0	1.3862943611198906
4_90	0	0	0	0	0	0	0	0.0
4_91	0	0	0	0	0	0	0	0.0
4_92	4	2	1	0	1	0	0	1.6094379124341003
4_93	2	1	0	0	1	0	0	1.0986122886681098
4_94	32	12	1	0	16	0	3	3.4965075614664802
4_95	29	20	2	0	7	0	0	3.4011973816621555
4_96	6	5	0	0	1	0	0	1.9459101490553132
4_97	10	6	1	1	2	0	0	2.3978952727983707
4_98	13	5	1	7	0	0	0	2.6390573296152584
4_99	0	0	0	0	0	0	0	0.0
4_100	0	0	0	0	0	0	0	0.0
5_1	0	0	0	0	0	0	0	0.0
5_2	0	0	0	0	0	0	0	0.0
5_3	0	0	0	0	0	0	0	0.0
5_4	0	0	0	0	0	0	0	0.0
5_5	0	0	0	0	0	0	0	0.0
5_6	0	0	0	0	0	0	0	0.0
5_7	0	0	0	0	0	0	0	0.0
5_8	0	0	0	0	0	0	0	0.0
5_9	0	0	0	0	0	0	0	0.0
5_10	0	0	0	0	0	0	0	0.0
5_11	1	1	0	0	0	0	0	0.6931471805599453
5_12	23	16	0	2	5	0	0	3.1780538303479458
5_13	13	9	0	3	1	0	0	2.6390573296152584
5_14	42	33	1	2	6	0	0	3.7612001156935624
5_15	86	65	3	2	7	0	9	4.465908118654584
5_16	12	8	1	0	3	0	0	2.5649493574615367
5_17	54	31	4	8	10	0	1	4.007333185232471
5_18	11	10	0	0	1	0	0	2.4849066497880004
5_19	3	3	0	0	0	0	0	1.3862943611198906
5_20	3	2	0	0	1	0	0	1.3862943611198906
5_21	0	0	0	0	0	0	0	0.0
5_22	0	0	0	0	0	0	0	0.0
5_23	5	4	0	1	0	0	0	1.791759469228055
5_24	0	0	0	0	0	0	0	0.0
5_25	0	0	0	0	0	0	0	0.0
5_26	1	0	0	1	0	0	0	0.6931471805599453
5_27	1	0	0	1	0	0	0	0.6931471805599453
5_28	0	0	0	0	0	0	0	0.0
5_29	0	0	0	0	0	0	0	0.0
5_30	0	0	0	0	0	0	0	0.0
5_31	18	14	0	2	1	0	1	2.9444389791664403
5_32	0	0	0	0	0	0	0	0.0
5_33	0	0	0	0	0	0	0	0.0
5_34	0	0	0	0	0	0	0	0.0
5_35	0	0	0	0	0	0	0	0.0
5_36	0	0	0	0	0	0	0	0.0
5_37	0	0	0	0	0	0	0	0.0
5_38	0	0	0	0	0	0	0	0.0
5_39	0	0	0	0	0	0	0	0.0
5_40	0	0	0	0	0	0	0	0.0
5_41	0	0	0	0	0	0	0	0.0
5_42	0	0	0	0	0	0	0	0.0
5_43	0	0	0	0	0	0	0	0.0
5_44	0	0	0	0	0	0	0	0.0
5_45	0	0	0	0	0	0	0	0.0
5_46	0	0	0	0	0	0	0	0.0
5_47	0	0	0	0	0	0	0	0.0
5_48	0	0	0	0	0	0	0	0.0
5_49	0	0	0	0	0	0	0	0.0
5_50	0	0	0	0	0	0	0	0.0
5_51	0	0	0	0	0	0	0	0.0
5_52	0	0	0	0	0	0	0	0.0
5_53	2	1	0	0	1	0	0	1.0986122886681098
5_54	11	9	0	0	0	0	2	2.4849066497880004
5_55	0	0	0	0	0	0	0	0.0
5_56	0	0	0	0	0	0	0	0.0
5_57	0	0	0	0	0	0	0	0.0
5_58	1	1	0	0	0	0	0	0.6931471805599453
5_59	0	0	0	0	0	0	0	0.0
5_60	0	0	0	0	0	0	0	0.0
5_61	10	7	0	0	3	0	0	2.3978952727983707
5_62	0	0	0	0	0	0	0	0.0
5_63	0	0	0	0	0	0	0	0.0
5_64	0	0	0	0	0	0	0	0.0
5_65	0	0	0	0	0	0	0	0.0
5_66	0	0	0	0	0	0	0	0.0
5_67	6	4	1	1	0	0	0	1.9459101490553132
5_68	0	0	0	0	0	0	0	0.0
5_69	0	0	0	0	0	0	0	0.0
5_70	0	0	0	0	0	0	0	0.0
5_71	0	0	0	0	0	0	0	0.0
5_72	0	0	0	0	0	0	0	0.0
5_73	0	0	0	0	0	0	0	0.0
5_74	0	0	0	0	0	0	0	0.0
5_75	0	0	0	0	0	0	0	0.0
5_76	0	0	0	0	0	0	0	0.0
5_77	9	4	1	1	0	0	3	2.302585092994046
5_78	1	0	0	1	0	0	0	0.6931471805599453
5_79	1	0	0	1	0	0	0	0.6931471805599453
5_80	0	0	0	0	0	0	0	0.0
5_81	6	2	0	4	0	0	0	1.9459101490553132
5_82	9	1	0	8	0	0	0	2.302585092994046
5_83	8	4	0	4	0	0	0	2.1972245773362196
5_84	0	0	0	0	0	0	0	0.0
5_85	1	0	0	1	0	0	0	0.6931471805599453
5_86	0	0	0	0	0	0	0	0.0
5_87	1	1	0	0	0	0	0	0.6931471805599453
5_88	0	0	0	0	0	0	0	0.0
5_89	0	0	0	0	0	0	0	0.0
5_90	1	0	0	1	0	0	0	0.6931471805599453
5_91	4	0	1	0	2	1	0	1.6094379124341003
5_92	38	21	3	1	13	0	0	3.6635616461296463
5_93	32	17	1	0	8	1	5	3.4965075614664802
5_94	101	64	7	4	23	0	3	4.624972813284271
5_95	33	17	4	1	4	1	6	3.5263605246161616
5_96	2	2	0	0	0	0	0	1.0986122886681098
5_97	0	0	0	0	0	0	0	0.0
5_98	0	0	0	0	0	0	0	0.0
5_99	0	0	0	0	0	0	0	0.0
5_100	0	0	0	0	0	0	0	0.0
6_1	0	0	0	0	0	0	0	0.0
6_2	0	0	0	0	0	0	0	0.0
6_3	0	0	0	0	0	0	0	0.0
6_4	0	0	0	0	0	0	0	0.0
6_5	0	0	0	0	0	0	0	0.0
6_6	0	0	0	0	0	0	0	0.0
6_7	0	0	0	0	0	0	0	0.0
6_8	0	0	0	0	0	0	0	0.0
6_9	0	0	0	0	0	0	0	0.0
6_10	0	0	0	0	0	0	0	0.0
6_11	0	0	0	0	0	0	0	0.0
6_12	0	0	0	0	0	0	0	0.0
6_13	0	0	0	0	0	0	0	0.0
6_14	19	10	0	3	6	0	0	2.995732273553991
6_15	37	22	2	1	12	0	0	3.6375861597263857
6_16	55	31	2	4	7	0	11	4.02535169073515
6_17	45	27	9	4	5	0	0	3.828641396489095
6_18	13	12	0	0	1	0	0	2.6390573296152584
6_19	4	4	0	0	0	0	0	1.6094379124341003
6_20	7	5	0	1	0	1	0	2.0794415416798357
6_21	10	7	0	3	0	0	0	2.3978952727983707
6_22	1	0	0	0	1	0	0	0.6931471805599453
6_23	2	1	0	1	0	0	0	1.0986122886681098
6_24	0	0	0	0	0	0	0	0.0
6_25	0	0	0	0	0	0	0	0.0
6_26	0	0	0	0	0	0	0	0.0
6_27	0	0	0	0	0	0	0	0.0
6_28	0	0	0	0	0	0	0	0.0
6_29	0	0	0	0	0	0	0	0.0
6_30	0	0	0	0	0	0	0	0.0
6_31	12	12	0	0	0	0	0	2.5649493574615367
6_32	0	0	0	0	0	0	0	0.0
6_33	1	0	0	1	0	0	0	0.6931471805599453
6_34	0	0	0	0	0	0	0	0.0
6_35	0	0	0	0	0	0	0	0.0
6_36	0	0	0	0	0	0	0	0.0
6_37	0	0	0	0	0	0	0	0.0
6_38	0	0	0	0	0	0	0	0.0
6_39	0	0	0	0	0	0	0	0.0
6_40	0	0	0	0	0	0	0	0.0
6_41	1	0	0	1	0	0	0	0.6931471805599453
6_42	0	0	0	0	0	0	0	0.0
6_43	0	0	0	0	0	0	0	0.0
6_44	0	0	0	0	0	0	0	0.0
6_45	0	0	0	0	0	0	0	0.0
6_46	0	0	0	0	0	0	0	0.0
6_47	0	0	0	0	0	0	0	0.0
6_48	0	0	0	0	0	0	0	0.0
6_49	0	0	0	0	0	0	0	0.0
6_50	0	0	0	0	0	0	0	0.0
6_51	0	0	0	0	0	0	0	0.0
6_52	0	0	0	0	0	0	0	0.0
6_53	0	0	0	0	0	0	0	0.0
6_54	1	1	0	0	0	0	0	0.6931471805599453
6_55	0	0	0	0	0	0	0	0.0
6_56	0	0	0	0	0	0	0	0.0
6_57	0	0	0	0	0	0	0	0.0
6_58	0	0	0	0	0	0	0	0.0
6_59	0	0	0	0	0	0	0	0.0
6_60	1	0	0	0	0	0	1	0.6931471805599453
6_61	6	4	0	0	1	0	1	1.9459101490553132
6_62	10	8	0	0	2	0	0	2.3978952727983707
6_63	1	1	0	0	0	0	0	0.6931471805599453
6_64	19	9	0	1	9	0	0	2.995732273553991
6_65	0	0	0	0	0	0	0	0.0
6_66	0	0	0	0	0	0	0	0.0
6_67	0	0	0	0	0	0	0	0.0
6_68	0	0	0	0	0	0	0	0.0
6_69	0	0	0	0	0	0	0	0.0
6_70	1	0	0	1	0	0	0	0.6931471805599453
6_71	0	0	0	0	0	0	0	0.0
6_72	0	0	0	0	0	0	0	0.0
6_73	0	0	0	0	0	0	0	0.0
6_74	0	0	0	0	0	0	0	0.0
6_75	0	0	0	0	0	0	0	0.0
6_76	4	1	0	3	0	0	0	1.6094379124341003
6_77	2	0	0	2	0	0	0	1.0986122886681098
6_78	7	1	0	6	0	0	0	2.0794415416798357
6_79	0	0	0	0	0	0	0	0.0
6_80	3	1	0	2	0	0	0	1.3862943611198906
6_81	2	1	0	1	0	0	0	1.0986122886681098
6_82	5	3	0	2	0	0	0	1.791759469228055
6_83	7	2	0	5	0	0	0	2.0794415416798357
6_84	1	0	0	1	0	0	0	0.6931471805599453
6_85	2	2	0	0	0	0	0	1.0986122886681098
6_86	0	0	0	0	0	0	0	0.0
6_87	0	0	0	0	0	0	0	0.0
6_88	0	0	0	0	0	0	0	0.0
6_89	1	1	0	0	0	0	0	0.6931471805599453
6_90	2	0	0	1	1	0	0	1.0986122886681098
6_91	5	4	0	0	1	0	0	1.791759469228055
6_92	8	2	0	0	6	0	0	2.1972245773362196
6_93	23	15	2	0	3	0	3	3.1780538303479458
6_94	40	14	6	1	19	0	0	3.713572066704308
6_95	3	0	1	0	2	0	0	1.3862943611198906
6_96	2	0	0	1	1	0	0	1.0986122886681098
6_97	0	0	0	0	0	0	0	0.0
6_98	1	0	1	0	0	0	0	0.6931471805599453
6_99	1	1	0	0	0	0	0	0.6931471805599453
6_100	0	0	0	0	0	0	0	0.0
7_1	0	0	0	0	0	0	0	0.0
7_2	0	0	0	0	0	0	0	0.0
7_3	0	0	0	0	0	0	0	0.0
7_4	0	0	0	0	0	0	0	0.0
7_5	0	0	0	0	0	0	0	0.0
7_6	0	0	0	0	0	0	0	0.0
7_7	0	0	0	0	0	0	0	0.0
7_8	0	0	0	0	0	0	0	0.0
7_9	0	0	0	0	0	0	0	0.0
7_10	0	0	0	0	0	0	0	0.0
7_11	0	0	0	0	0	0	0	0.0
7_12	0	0	0	0	0	0	0	0.0
7_13	0	0	0	0	0	0	0	0.0
7_14	10	7	1	1	1	0	0	2.3978952727983707
7_15	8	5	0	0	0	3	0	2.1972245773362196
7_16	2	0	0	0	2	0	0	1.0986122886681098
7_17	42	33	2	7	0	0	0	3.7612001156935624
7_18	20	11	1	3	2	0	3	3.044522437723423
7_19	4	4	0	0	0	0	0	1.6094379124341003
7_20	10	8	0	1	1	0	0	2.3978952727983707
7_21	64	42	3	13	6	0	0	4.174387269895637
7_22	0	0	0	0	0	0	0	0.0
7_23	12	12	0	0	0	0	0	2.5649493574615367
7_24	0	0	0	0	0	0	0	0.0
7_25	3	3	0	0	0	0	0	1.3862943611198906
7_26	0	0	0	0	0	0	0	0.0
7_27	0	0	0	0	0	0	0	0.0
7_28	0	0	0	0	0	0	0	0.0
7_29	2	2	0	0	0	0	0	1.0986122886681098
7_30	4	3	0	1	0	0	0	1.6094379124341003
7_31	4	4	0	0	0	0	0	1.6094379124341003
7_32	0	0	0	0	0	0	0	0.0
7_33	1	1	0	0	0	0	0	0.6931471805599453
7_34	0	0	0	0	0	0	0	0.0
7_35	0	0	0	0	0	0	0	0.0
7_36	0	0	0	0	0	0	0	0.0
7_37	0	0	0	0	0	0	0	0.0
7_38	0	0	0	0	0	0	0	0.0
7_39	0	0	0	0	0	0	0	0.0
7_40	0	0	0	0	0	0	0	0.0
7_41	2	1	0	1	0	0	0	1.0986122886681098
7_42	0	0	0	0	0	0	0	0.0
7_43	0	0	0	0	0	0	0	0.0
7_44	0	0	0	0	0	0	0	0.0
7_45	0	0	0	0	0	0	0	0.0
7_46	0	0	0	0	0	0	0	0.0
7_47	0	0	0	0	0	0	0	0.0
7_48	0	0	0	0	0	0	0	0.0
7_49	0	0	0	0	0	0	0	0.0
7_50	0	0	0	0	0	0	0	0.0
7_51	0	0	0	0	0	0	0	0.0
7_52	0	0	0	0	0	0	0	0.0
7_53	0	0	0	0	0	0	0	0.0
7_54	0	0	0	0	0	0	0	0.0
7_55	0	0	0	0	0	0	0	0.0
7_56	12	10	0	0	2	0	0	2.5649493574615367
7_57	0	0	0	0	0	0	0	0.0
7_58	0	0	0	0	0	0	0	0.0
7_59	0	0	0	0	0	0	0	0.0
7_60	0	0	0	0	0	0	0	0.0
7_61	0	0	0	0	0	0	0	0.0
7_62	0	0	0	0	0	0	0	0.0
7_63	35	27	4	0	4	0	0	3.58351893845611
7_64	79	43	25	4	7	0	0	4.382026634673881
7_65	0	0	0	0	0	0	0	0.0
7_66	0	0	0	0	0	0	0	0.0
7_67	0	0	0	0	0	0	0	0.0
7_68	0	0	0	0	0	0	0	0.0
7_69	0	0	0	0	0	0	0	0.0
7_70	0	0	0	0	0	0	0	0.0
7_71	0	0	0	0	0	0	0	0.0
7_72	0	0	0	0	0	0	0	0.0
7_73	0	0	0	0	0	0	0	0.0
7_74	0	0	0	0	0	0	0	0.0
7_75	0	0	0	0	0	0	0	0.0
7_76	0	0	0	0	0	0	0	0.0
7_77	0	0	0	0	0	0	0	0.0
7_78	5	1	0	4	0	0	0	1.791759469228055
7_79	1	0	0	1	0	0	0	0.6931471805599453
7_80	1	0	0	1	0	0	0	0.6931471805599453
7_81	11	1	0	10	0	0	0	2.4849066497880004
7_82	2	0	0	2	0	0	0	1.0986122886681098
7_83	2	0	0	2	0	0	0	1.0986122886681098
7_84	0	0	0	0	0	0	0	0.0
7_85	3	1	0	2	0	0	0	1.3862943611198906
7_86	0	0	0	0	0	0	0	0.0
7_87	0	0	0	0	0	0	0	0.0
7_88	2	2	0	0	0	0	0	1.0986122886681098
7_89	0	0	0	0	0	0	0	0.0
7_90	1	1	0	0	0	0	0	0.6931471805599453
7_91	5	0	2	0	3	0	0	1.791759469228055
7_92	18	12	1	0	5	0	0	2.9444389791664403
7_93	68	37	6	8	8	0	9	4.23410650459726
7_94	56	18	4	26	8	0	0	4.04305126783455
7_95	5	2	0	1	0	0	2	1.791759469228055
7_96	0	0	0	0	0	0	0	0.0
7_97	0	0	0	0	0	0	0	0.0
7_98	0	0	0	0	0	0	0	0.0
7_99	0	0	0	0	0	0	0	0.0
7_100	0	0	0	0	0	0	0	0.0
8_1	0	0	0	0	0	0	0	0.0
8_2	0	0	0	0	0	0	0	0.0
8_3	0	0	0	0	0	0	0	0.0
8_4	0	0	0	0	0	0	0	0.0
8_5	0	0	0	0	0	0	0	0.0
8_6	0	0	0	0	0	0	0	0.0
8_7	0	0	0	0	0	0	0	0.0
8_8	0	0	0	0	0	0	0	0.0
8_9	0	0	0	0	0	0	0	0.0
8_10	0	0	0	0	0	0	0	0.0
8_11	0	0	0	0	0	0	0	0.0
8_12	0	0	0	0	0	0	0	0.0
8_13	0	0	0	0	0	0	0	0.0
8_14	15	4	0	9	2	0	0	2.772588722239781
8_15	27	21	1	1	2	0	2	3.332204510175204
8_16	6	4	0	0	2	0	0	1.9459101490553132
8_17	26	17	2	5	2	0	0	3.295836866004329
8_18	10	7	0	2	1	0	0	2.3978952727983707
8_19	4	4	0	0	0	0	0	1.6094379124341003
8_20	75	57	9	0	6	0	3	4.330733340286331
8_21	15	13	0	0	2	0	0	2.772588722239781
8_22	2	1	0	0	1	0	0	1.0986122886681098
8_23	3	3	0	0	0	0	0	1.3862943611198906
8_24	6	6	0	0	0	0	0	1.9459101490553132
8_25	0	0	0	0	0	0	0	0.0
8_26	0	0	0	0	0	0	0	0.0
8_27	0	0	0	0	0	0	0	0.0
8_28	1	1	0	0	0	0	0	0.6931471805599453
8_29	75	19	0	55	1	0	0	4.330733340286331
8_30	9	8	0	1	0	0	0	2.302585092994046
8_31	0	0	0	0	0	0	0	0.0
8_32	0	0	0	0	0	0	0	0.0
8_33	0	0	0	0	0	0	0	0.0
8_34	0	0	0	0	0	0	0	0.0
8_35	0	0	0	0	0	0	0	0.0
8_36	0	0	0	0	0	0	0	0.0
8_37	0	0	0	0	0	0	0	0.0
8_38	0	0	0	0	0	0	0	0.0
8_39	1	0	0	1	0	0	0	0.6931471805599453
8_40	0	0	0	0	0	0	0	0.0
8_41	0	0	0	0	0	0	0	0.0
8_42	1	1	0	0	0	0	0	0.6931471805599453
8_43	0	0	0	0	0	0	0	0.0
8_44	0	0	0	0	0	0	0	0.0
8_45	0	0	0	0	0	0	0	0.0
8_46	0	0	0	0	0	0	0	0.0
8_47	0	0	0	0	0	0	0	0.0
8_48	0	0	0	0	0	0	0	0.0
8_49	0	0	0	0	0	0	0	0.0
8_50	0	0	0	0	0	0	0	0.0
8_51	0	0	0	0	0	0	0	0.0
8_52	0	0	0	0	0	0	0	0.0
8_53	0	0	0	0	0	0	0	0.0
8_54	0	0	0	0	0	0	0	0.0
8_55	0	0	0	0	0	0	0	0.0
8_56	0	0	0	0	0	0	0	0.0
8_57	0	0	0	0	0	0	0	0.0
8_58	0	0	0	0	0	0	0	0.0
8_59	0	0	0	0	0	0	0	0.0
8_60	0	0	0	0	0	0	0	0.0
8_61	0	0	0	0	0	0	0	0.0
8_62	0	0	0	0	0	0	0	0.0
8_63	5	5	0	0	0	0	0	1.791759469228055
8_64	0	0	0	0	0	0	0	0.0
8_65	0	0	0	0	0	0	0	0.0
8_66	0	0	0	0	0	0	0	0.0
8_67	0	0	0	0	0	0	0	0.0
8_68	0	0	0	0	0	0	0	0.0
8_69	0	0	0	0	0	0	0	0.0
8_70	0	0	0	0	0	0	0	0.0
8_71	2	0	0	2	0	0	0	1.0986122886681098
8_72	1	0	0	1	0	0	0	0.6931471805599453
8_73	1	0	0	1	0	0	0	0.6931471805599453
8_74	0	0	0	0	0	0	0	0.0
8_75	0	0	0	0	0	0	0	0.0
8_76	0	0	0	0	0	0	0	0.0
8_77	0	0	0	0	0	0	0	0.0
8_78	2	0	0	2	0	0	0	1.0986122886681098
8_79	0	0	0	0	0	0	0	0.0
8_80	0	0	0	0	0	0	0	0.0
8_81	0	0	0	0	0	0	0	0.0
8_82	0	0	0	0	0	0	0	0.0
8_83	2	0	0	2	0	0	0	1.0986122886681098
8_84	1	0	0	1	0	0	0	0.6931471805599453
8_85	0	0	0	0	0	0	0	0.0
8_86	0	0	0	0	0	0	0	0.0
8_87	0	0	0	0	0	0	0	0.0
8_88	0	0	0	0	0	0	0	0.0
8_89	0	0	0	0	0	0	0	0.0
8_90	7	5	0	1	1	0	0	2.0794415416798357
8_91	0	0	0	0	0	0	0	0.0
8_92	13	5	0	0	2	0	6	2.6390573296152584
8_93	4	1	1	1	1	0	0	1.6094379124341003
8_94	0	0	0	0	0	0	0	0.0
8_95	15	8	2	0	0	0	5	2.772588722239781
8_96	0	0	0	0	0	0	0	0.0
8_97	2	0	0	0	0	0	2	1.0986122886681098
8_98	15	10	0	1	4	0	0	2.772588722239781
8_99	2	1	0	1	0	0	0	1.0986122886681098
8_100	0	0	0	0	0	0	0	0.0
9_1	0	0	0	0	0	0	0	0.0
9_2	0	0	0	0	0	0	0	0.0
9_3	0	0	0	0	0	0	0	0.0
9_4	0	0	0	0	0	0	0	0.0
9_5	0	0	0	0	0	0	0	0.0
9_6	0	0	0	0	0	0	0	0.0
9_7	0	0	0	0	0	0	0	0.0
9_8	0	0	0	0	0	0	0	0.0
9_9	0	0	0	0	0	0	0	0.0
9_10	0	0	0	0	0	0	0	0.0
9_11	0	0	0	0	0	0	0	0.0
9_12	0	0	0	0	0	0	0	0.0
9_13	0	0	0	0	0	0	0	0.0
9_14	0	0	0	0	0	0	0	0.0
9_15	0	0	0	0	0	0	0	0.0
9_16	0	0	0	0	0	0	0	0.0
9_17	1	0	1	0	0	0	0	0.6931471805599453
9_18	1	0	0	0	1	0	0	0.6931471805599453
9_19	8	5	0	1	2	0	0	2.1972245773362196
9_20	6	6	0	0	0	0	0	1.9459101490553132
9_21	64	47	10	0	6	0	1	4.174387269895637
9_22	19	14	2	1	2	0	0	2.995732273553991
9_23	7	7	0	0	0	0	0	2.0794415416798357
9_24	7	7	0	0	0	0	0	2.0794415416798357
9_25	0	0	0	0	0	0	0	0.0
9_26	5	5	0	0	0	0	0	1.791759469228055
9_27	1	1	0	0	0	0	0	0.6931471805599453
9_28	0	0	0	0	0	0	0	0.0
9_29	16	10	0	2	4	0	0	2.833213344056216
9_30	6	5	0	1	0	0	0	1.9459101490553132
9_31	0	0	0	0	0	0	0	0.0
9_32	0	0	0	0	0	0	0	0.0
9_33	0	0	0	0	0	0	0	0.0
9_34	0	0	0	0	0	0	0	0.0
9_35	0	0	0	0	0	0	0	0.0
9_36	0	0	0	0	0	0	0	0.0
9_37	0	0	0	0	0	0	0	0.0
9_38	0	0	0	0	0	0	0	0.0
9_39	0	0	0	0	0	0	0	0.0
9_40	0	0	0	0	0	0	0	0.0
9_41	0	0	0	0	0	0	0	0.0
9_42	7	6	0	1	0	0	0	2.0794415416798357
9_43	3	3	0	0	0	0	0	1.3862943611198906
9_44	0	0	0	0	0	0	0	0.0
9_45	0	0	0	0	0	0	0	0.0
9_46	0	0	0	0	0	0	0	0.0
9_47	0	0	0	0	0	0	0	0.0
9_48	0	0	0	0	0	0	0	0.0
9_49	0	0	0	0	0	0	0	0.0
9_50	0	0	0	0	0	0	0	0.0
9_51	0	0	0	0	0	0	0	0.0
9_52	0	0	0	0	0	0	0	0.0
9_53	0	0	0	0	0	0	0	0.0
9_54	0	0	0	0	0	0	0	0.0
9_55	0	0	0	0	0	0	0	0.0
9_56	0	0	0	0	0	0	0	0.0
9_57	0	0	0	0	0	0	0	0.0
9_58	6	3	0	1	1	0	1	1.9459101490553132
9_59	0	0	0	0	0	0	0	0.0
9_60	0	0	0	0	0	0	0	0.0
9_61	0	0	0	0	0	0	0	0.0
9_62	0	0	0	0	0	0	0	0.0
9_63	0	0	0	0	0	0	0	0.0
9_64	0	0	0	0	0	0	0	0.0
9_65	0	0	0	0	0	0	0	0.0
9_66	0	0	0	0	0	0	0	0.0
9_67	7	6	0	0	1	0	0	2.0794415416798357
9_68	0	0	0	0	0	0	0	0.0
9_69	0	0	0	0	0	0	0	0.0
9_70	0	0	0	0	0	0	0	0.0
9_71	0	0	0	0	0	0	0	0.0
9_72	2	0	0	2	0	0	0	1.0986122886681098
9_73	1	0	0	1	0	0	0	0.6931471805599453
9_74	0	0	0	0	0	0	0	0.0
9_75	0	0	0	0	0	0	0	0.0
9_76	0	0	0	0	0	0	0	0.0
9_77	1	0	0	1	0	0	0	0.6931471805599453
9_78	1	0	0	1	0	0	0	0.6931471805599453
9_79	1	0	0	1	0	0	0	0.6931471805599453
9_80	0	0	0	0	0	0	0	0.0
9_81	0	0	0	0	0	0	0	0.0
9_82	0	0	0	0	0	0	0	0.0
9_83	0	0	0	0	0	0	0	0.0
9_84	0	0	0	0	0	0	0	0.0
9_85	0	0	0	0	0	0	0	0.0
9_86	7	4	0	2	0	0	1	2.0794415416798357
9_87	0	0	0	0	0	0	0	0.0
9_88	0	0	0	0	0	0	0	0.0
9_89	3	3	0	0	0	0	0	1.3862943611198906
9_90	6	3	0	1	2	0	0	1.9459101490553132
9_91	1	0	1	0	0	0	0	0.6931471805599453
9_92	12	3	0	0	4	0	5	2.5649493574615367
9_93	11	6	1	1	3	0	0	2.4849066497880004
9_94	0	0	0	0	0	0	0	0.0
9_95	0	0	0	0	0	0	0	0.0
9_96	0	0	0	0	0	0	0	0.0
9_97	0	0	0	0	0	0	0	0.0
9_98	0	0	0	0	0	0	0	0.0
9_99	0	0	0	0	0	0	0	0.0
9_100	0	0	0	0	0	0	0	0.0
10_1	0	0	0	0	0	0	0	0.0
10_2	0	0	0	0	0	0	0	0.0
10_3	0	0	0	0	0	0	0	0.0
10_4	0	0	0	0	0	0	0	0.0
10_5	0	0	0	0	0	0	0	0.0
10_6	0	0	0	0	0	0	0	0.0
10_7	0	0	0	0	0	0	0	0.0
10_8	0	0	0	0	0	0	0	0.0
10_9	0	0	0	0	0	0	0	0.0
10_10	0	0	0	0	0	0	0	0.0
10_11	0	0	0	0	0	0	0	0.0
10_12	0	0	0	0	0	0	0	0.0
10_13	0	0	0	0	0	0	0	0.0
10_14	0	0	0	0	0	0	0	0.0
10_15	0	0	0	0	0	0	0	0.0
10_16	0	0	0	0	0	0	0	0.0
10_17	0	0	0	0	0	0	0	0.0
10_18	1	0	0	0	1	0	0	0.6931471805599453
10_19	13	8	1	3	1	0	0	2.6390573296152584
10_20	42	31	0	2	7	0	2	3.7612001156935624
10_21	178	140	15	7	14	2	0	5.187385805840755
10_22	258	164	46	8	12	8	20	5.556828061699537
10_23	58	40	14	0	4	0	0	4.07753744390572
10_24	24	15	3	0	5	1	0	3.2188758248682006
10_25	16	13	0	0	3	0	0	2.833213344056216
10_26	1	1	0	0	0	0	0	0.6931471805599453
10_27	3	3	0	0	0	0	0	1.3862943611198906
10_28	0	0	0	0	0	0	0	0.0
10_29	2	1	0	1	0	0	0	1.0986122886681098
10_30	13	12	1	0	0	0	0	2.6390573296152584
10_31	1	1	0	0	0	0	0	0.6931471805599453
10_32	0	0	0	0	0	0	0	0.0
10_33	0	0	0	0	0	0	0	0.0
10_34	0	0	0	0	0	0	0	0.0
10_35	0	0	0	0	0	0	0	0.0
10_36	0	0	0	0	0	0	0	0.0
10_37	0	0	0	0	0	0	0	0.0
10_38	0	0	0	0	0	0	0	0.0
10_39	0	0	0	0	0	0	0	0.0
10_40	0	0	0	0	0	0	0	0.0
10_41	0	0	0	0	0	0	0	0.0
10_42	0	0	0	0	0	0	0	0.0
10_43	13	7	1	5	0	0	0	2.6390573296152584
10_44	10	9	0	0	0	0	1	2.3978952727983707
10_45	9	7	0	1	1	0	0	2.302585092994046
10_46	0	0	0	0	0	0	0	0.0
10_47	0	0	0	0	0	0	0	0.0
10_48	0	0	0	0	0	0	0	0.0
10_49	0	0	0	0	0	0	0	0.0
10_50	0	0	0	0	0	0	0	0.0
10_51	0	0	0	0	0	0	0	0.0
10_52	0	0	0	0	0	0	0	0.0
10_53	0	0	0	0	0	0	0	0.0
10_54	0	0	0	0	0	0	0	0.0
10_55	0	0	0	0	0	0	0	0.0
10_56	0	0	0	0	0	0	0	0.0
10_57	0	0	0	0	0	0	0	0.0
10_58	1	0	0	1	0	0	0	0.6931471805599453
10_59	0	0	0	0	0	0	0	0.0
10_60	0	0	0	0	0	0	0	0.0
10_61	0	0	0	0	0	0	0	0.0
10_62	0	0	0	0	0	0	0	0.0
10_63	0	0	0	0	0	0	0	0.0
10_64	0	0	0	0	0	0	0	0.0
10_65	0	0	0	0	0	0	0	0.0
10_66	0	0	0	0	0	0	0	0.0
10_67	0	0	0	0	0	0	0	0.0
10_68	1	1	0	0	0	0	0	0.6931471805599453
10_69	0	0	0	0	0	0	0	0.0
10_70	0	0	0	0	0	0	0	0.0
10_71	0	0	0	0	0	0	0	0.0
10_72	0	0	0	0	0	0	0	0.0
10_73	0	0	0	0	0	0	0	0.0
10_74	0	0	0	0	0	0	0	0.0
10_75	0	0	0	0	0	0	0	0.0
10_76	0	0	0	0	0	0	0	0.0
10_77	2	0	0	2	0	0	0	1.0986122886681098
10_78	2	0	0	2	0	0	0	1.0986122886681098
10_79	0	0	0	0	0	0	0	0.0
10_80	0	0	0	0	0	0	0	0.0
10_81	0	0	0	0	0	0	0	0.0
10_82	0	0	0	0	0	0	0	0.0
10_83	2	0	0	2	0	0	0	1.0986122886681098
10_84	15	9	1	2	3	0	0	2.772588722239781
10_85	4	2	0	1	1	0	0	1.6094379124341003
10_86	17	11	0	4	1	0	1	2.8903717578961645
10_87	0	0	0	0	0	0	0	0.0
10_88	0	0	0	0	0	0	0	0.0
10_89	0	0	0	0	0	0	0	0.0
10_90	2	1	0	0	1	0	0	1.0986122886681098
10_91	9	7	1	0	0	1	0	2.302585092994046
10_92	36	22	2	0	4	0	8	3.6109179126442243
10_93	6	4	2	0	0	0	0	1.9459101490553132
10_94	1	0	1	0	0	0	0	0.6931471805599453
10_95	0	0	0	0	0	0	0	0.0
10_96	0	0	0	0	0	0	0	0.0
10_97	0	0	0	0	0	0	0	0.0
10_98	0	0	0	0	0	0	0	0.0
10_99	12	6	0	0	1	1	4	2.5649493574615367
10_100	0	0	0	0	0	0	0	0.0
11_1	0	0	0	0	0	0	0	0.0
11_2	0	0	0	0	0	0	0	0.0
11_3	0	0	0	0	0	0	0	0.0
11_4	0	0	0	0	0	0	0	0.0
11_5	0	0	0	0	0	0	0	0.0
11_6	0	0	0	0	0	0	0	0.0
11_7	0	0	0	0	0	0	0	0.0
11_8	0	0	0	0	0	0	0	0.0
11_9	0	0	0	0	0	0	0	0.0
11_10	0	0	0	0	0	0	0	0.0
11_11	0	0	0	0	0	0	0	0.0
11_12	0	0	0	0	0	0	0	0.0
11_13	0	0	0	0	0	0	0	0.0
11_14	0	0	0	0	0	0	0	0.0
11_15	0	0	0	0	0	0	0	0.0
11_16	0	0	0	0	0	0	0	0.0
11_17	0	0	0	0	0	0	0	0.0
11_18	0	0	0	0	0	0	0	0.0
11_19	0	0	0	0	0	0	0	0.0
11_20	33	26	0	1	6	0	0	3.5263605246161616
11_21	67	48	6	3	8	0	2	4.219507705176107
11_22	77	56	9	0	9	0	3	4.356708826689592
11_23	65	40	16	0	7	0	2	4.189654742026425
11_24	26	20	1	0	3	0	2	3.295836866004329
11_25	27	11	0	5	8	1	2	3.332204510175204
11_26	25	10	1	2	4	0	8	3.258096538021482
11_27	12	6	0	0	0	0	6	2.5649493574615367
11_28	5	2	0	0	0	0	3	1.791759469228055
11_29	1	0	0	1	0	0	0	0.6931471805599453
11_30	4	0	3	1	0	0	0	1.6094379124341003
11_31	4	2	0	0	0	2	0	1.6094379124341003
11_32	0	0	0	0	0	0	0	0.0
11_33	0	0	0	0	0	0	0	0.0
11_34	0	0	0	0	0	0	0	0.0
11_35	0	0	0	0	0	0	0	0.0
11_36	0	0	0	0	0	0	0	0.0
11_37	0	0	0	0	0	0	0	0.0
11_38	0	0	0	0	0	0	0	0.0
11_39	0	0	0	0	0	0	0	0.0
11_40	0	0	0	0	0	0	0	0.0
11_41	0	0	0	0	0	0	0	0.0
11_42	0	0	0	0	0	0	0	0.0
11_43	0	0	0	0	0	0	0	0.0
11_44	0	0	0	0	0	0	0	0.0
11_45	11	3	1	5	0	0	2	2.4849066497880004
11_46	27	16	0	11	0	0	0	3.332204510175204
11_47	0	0	0	0	0	0	0	0.0
11_48	0	0	0	0	0	0	0	0.0
11_49	2	1	0	1	0	0	0	1.0986122886681098
11_50	1	1	0	0	0	0	0	0.6931471805599453
11_51	8	7	0	1	0	0	0	2.1972245773362196
11_52	0	0	0	0	0	0	0	0.0
11_53	0	0	0	0	0	0	0	0.0
11_54	1	0	0	1	0	0	0	0.6931471805599453
11_55	0	0	0	0	0	0	0	0.0
11_56	0	0	0	0	0	0	0	0.0
11_57	0	0	0	0	0	0	0	0.0
11_58	6	4	0	1	0	0	1	1.9459101490553132
11_59	0	0	0	0	0	0	0	0.0
11_60	0	0	0	0	0	0	0	0.0
11_61	0	0	0	0	0	0	0	0.0
11_62	0	0	0	0	0	0	0	0.0
11_63	0	0	0	0	0	0	0	0.0
11_64	0	0	0	0	0	0	0	0.0
11_65	0	0	0	0	0	0	0	0.0
11_66	0	0	0	0	0	0	0	0.0
11_67	0	0	0	0	0	0	0	0.0
11_68	0	0	0	0	0	0	0	0.0
11_69	0	0	0	0	0	0	0	0.0
11_70	0	0	0	0	0	0	0	0.0
11_71	0	0	0	0	0	0	0	0.0
11_72	0	0	0	0	0	0	0	0.0
11_73	1	0	0	1	0	0	0	0.6931471805599453
11_74	0	0	0	0	0	0	0	0.0
11_75	0	0	0	0	0	0	0	0.0
11_76	1	0	0	1	0	0	0	0.6931471805599453
11_77	1	0	0	1	0	0	0	0.6931471805599453
11_78	1	1	0	0	0	0	0	0.6931471805599453
11_79	1	0	0	1	0	0	0	0.6931471805599453
11_80	0	0	0	0	0	0	0	0.0
11_81	0	0	0	0	0	0	0	0.0
11_82	0	0	0	0	0	0	0	0.0
11_83	1	0	0	1	0	0	0	0.6931471805599453
11_84	0	0	0	0	0	0	0	0.0
11_85	0	0	0	0	0	0	0	0.0
11_86	0	0	0	0	0	0	0	0.0
11_87	0	0	0	0	0	0	0	0.0
11_88	0	0	0	0	0	0	0	0.0
11_89	0	0	0	0	0	0	0	0.0
11_90	13	10	0	0	3	0	0	2.6390573296152584
11_91	95	62	10	5	3	10	5	4.564348191467836
11_92	73	45	3	1	24	0	0	4.30406509320417
11_93	4	1	0	0	3	0	0	1.6094379124341003
11_94	0	0	0	0	0	0	0	0.0
11_95	8	4	0	1	3	0	0	2.1972245773362196
11_96	0	0	0	0	0	0	0	0.0
11_97	0	0	0	0	0	0	0	0.0
11_98	0	0	0	0	0	0	0	0.0
11_99	26	11	2	2	11	0	0	3.295836866004329
11_100	0	0	0	0	0	0	0	0.0
12_1	0	0	0	0	0	0	0	0.0
12_2	0	0	0	0	0	0	0	0.0
12_3	0	0	0	0	0	0	0	0.0
12_4	0	0	0	0	0	0	0	0.0
12_5	0	0	0	0	0	0	0	0.0
12_6	0	0	0	0	0	0	0	0.0
12_7	0	0	0	0	0	0	0	0.0
12_8	0	0	0	0	0	0	0	0.0
12_9	0	0	0	0	0	0	0	0.0
12_10	0	0	0	0	0	0	0	0.0
12_11	0	0	0	0	0	0	0	0.0
12_12	0	0	0	0	0	0	0	0.0
12_13	0	0	0	0	0	0	0	0.0
12_14	0	0	0	0	0	0	0	0.0
12_15	0	0	0	0	0	0	0	0.0
12_16	0	0	0	0	0	0	0	0.0
12_17	0	0	0	0	0	0	0	0.0
12_18	0	0	0	0	0	0	0	0.0
12_19	0	0	0	0	0	0	0	0.0
12_20	0	0	0	0	0	0	0	0.0
12_21	39	18	3	1	9	0	8	3.6888794541139363
12_22	101	61	14	0	8	1	17	4.624972813284271
12_23	75	42	13	0	6	0	14	4.330733340286331
12_24	126	76	11	3	10	4	22	4.844187086458591
12_25	62	29	1	1	13	1	17	4.143134726391533
12_26	150	99	11	4	28	0	8	5.017279836814924
12_27	21	16	0	0	2	0	3	3.091042453358316
12_28	81	62	1	2	5	5	6	4.406719247264253
12_29	46	33	1	8	3	0	1	3.8501476017100584
12_30	67	33	20	6	3	1	4	4.219507705176107
12_31	90	46	3	31	8	2	0	4.51085950651685
12_32	0	0	0	0	0	0	0	0.0
12_33	0	0	0	0	0	0	0	0.0
12_34	0	0	0	0	0	0	0	0.0
12_35	0	0	0	0	0	0	0	0.0
12_36	0	0	0	0	0	0	0	0.0
12_37	0	0	0	0	0	0	0	0.0
12_38	0	0	0	0	0	0	0	0.0
12_39	0	0	0	0	0	0	0	0.0
12_40	0	0	0	0	0	0	0	0.0
12_41	0	0	0	0	0	0	0	0.0
12_42	0	0	0	0	0	0	0	0.0
12_43	0	0	0	0	0	0	0	0.0
12_44	0	0	0	0	0	0	0	0.0
12_45	0	0	0	0	0	0	0	0.0
12_46	10	9	0	1	0	0	0	2.3978952727983707
12_47	5	5	0	0	0	0	0	1.791759469228055
12_48	1	0	0	1	0	0	0	0.6931471805599453
12_49	0	0	0	0	0	0	0	0.0
12_50	0	0	0	0	0	0	0	0.0
12_51	4	3	0	0	1	0	0	1.6094379124341003
12_52	0	0	0	0	0	0	0	0.0
12_53	3	3	0	0	0	0	0	1.3862943611198906
12_54	0	0	0	0	0	0	0	0.0
12_55	0	0	0	0	0	0	0	0.0
12_56	0	0	0	0	0	0	0	0.0
12_57	0	0	0	0	0	0	0	0.0
12_58	0	0	0	0	0	0	0	0.0
12_59	0	0	0	0	0	0	0	0.0
12_60	0	0	0	0	0	0	0	0.0
12_61	0	0	0	0	0	0	0	0.0
12_62	5	5	0	0	0	0	0	1.791759469228055
12_63	1	1	0	0	0	0	0	0.6931471805599453
12_64	0	0	0	0	0	0	0	0.0
12_65	0	0	0	0	0	0	0	0.0
12_66	0	0	0	0	0	0	0	0.0
12_67	0	0	0	0	0	0	0	0.0
12_68	3	2	0	0	1	0	0	1.3862943611198906
12_69	0	0	0	0	0	0	0	0.0
12_70	0	0	0	0	0	0	0	0.0
12_71	0	0	0	0	0	0	0	0.0
12_72	0	0	0	0	0	0	0	0.0
12_73	0	0	0	0	0	0	0	0.0
12_74	1	0	0	1	0	0	0	0.6931471805599453
12_75	0	0	0	0	0	0	0	0.0
12_76	0	0	0	0	0	0	0	0.0
12_77	0	0	0	0	0	0	0	0.0
12_78	2	1	0	1	0	0	0	1.0986122886681098
12_79	0	0	0	0	0	0	0	0.0
12_80	1	0	0	1	0	0	0	0.6931471805599453
12_81	0	0	0	0	0	0	0	0.0
12_82	0	0	0	0	0	0	0	0.0
12_83	0	0	0	0	0	0	0	0.0
12_84	0	0	0	0	0	0	0	0.0
12_85	1	0	0	1	0	0	0	0.6931471805599453
12_86	0	0	0	0	0	0	0	0.0
12_87	0	0	0	0	0	0	0	0.0
12_88	0	0	0	0	0	0	0	0.0
12_89	0	0	0	0	0	0	0	0.0
12_90	4	1	0	0	3	0	0	1.6094379124341003
12_91	9	5	0	0	1	0	3	2.302585092994046
12_92	15	11	1	0	1	0	2	2.772588722239781
12_93	5	3	0	0	2	0	0	1.791759469228055
12_94	0	0	0	0	0	0	0	0.0
12_95	0	0	0	0	0	0	0	0.0
12_96	1	1	0	0	0	0	0	0.6931471805599453
12_97	2	2	0	0	0	0	0	1.0986122886681098
12_98	0	0	0	0	0	0	0	0.0
12_99	11	1	1	0	0	0	9	2.4849066497880004
12_100	4	2	0	2	0	0	0	1.6094379124341003
13_1	0	0	0	0	0	0	0	0.0
13_2	0	0	0	0	0	0	0	0.0
13_3	0	0	0	0	0	0	0	0.0
13_4	0	0	0	0	0	0	0	0.0
13_5	0	0	0	0	0	0	0	0.0
13_6	0	0	0	0	0	0	0	0.0
13_7	0	0	0	0	0	0	0	0.0
13_8	0	0	0	0	0	0	0	0.0
13_9	0	0	0	0	0	0	0	0.0
13_10	0	0	0	0	0	0	0	0.0
13_11	0	0	0	0	0	0	0	0.0
13_12	0	0	0	0	0	0	0	0.0
13_13	0	0	0	0	0	0	0	0.0
13_14	0	0	0	0	0	0	0	0.0
13_15	0	0	0	0	0	0	0	0.0
13_16	0	0	0	0	0	0	0	0.0
13_17	0	0	0	0	0	0	0	0.0
13_18	0	0	0	0	0	0	0	0.0
13_19	0	0	0	0	0	0	0	0.0
13_20	0	0	0	0	0	0	0	0.0
13_21	0	0	0	0	0	0	0	0.0
13_22	79	50	9	1	8	0	11	4.382026634673881
13_23	18	7	0	0	8	0	3	2.9444389791664403
13_24	48	26	4	2	12	1	3	3.8918202981106265
13_25	18	13	1	0	1	2	1	2.9444389791664403
13_26	129	86	16	1	19	1	6	4.867534450455582
13_27	47	23	6	0	3	5	10	3.871201010907891
13_28	81	55	3	0	13	5	5	4.406719247264253
13_29	36	17	5	3	1	3	7	3.6109179126442243
13_30	75	48	3	3	7	1	13	4.330733340286331
13_31	0	0	0	0	0	0	0	0.0
13_32	4	4	0	0	0	0	0	1.6094379124341003
13_33	0	0	0	0	0	0	0	0.0
13_34	0	0	0	0	0	0	0	0.0
13_35	0	0	0	0	0	0	0	0.0
13_36	0	0	0	0	0	0	0	0.0
13_37	0	0	0	0	0	0	0	0.0
13_38	0	0	0	0	0	0	0	0.0
13_39	1	0	0	0	1	0	0	0.6931471805599453
13_40	0	0	0	0	0	0	0	0.0
13_41	0	0	0	0	0	0	0	0.0
13_42	0	0	0	0	0	0	0	0.0
13_43	0	0	0	0	0	0	0	0.0
13_44	0	0	0	0	0	0	0	0.0
13_45	0	0	0	0	0	0	0	0.0
13_46	0	0	0	0	0	0	0	0.0
13_47	0	0	0	0	0	0	0	0.0
13_48	4	4	0	0	0	0	0	1.6094379124341003
13_49	0	0	0	0	0	0	0	0.0
13_50	10	7	0	1	2	0	0	2.3978952727983707
13_51	5	5	0	0	0	0	0	1.791759469228055
13_52	0	0	0	0	0	0	0	0.0
13_53	0	0	0	0	0	0	0	0.0
13_54	0	0	0	0	0	0	0	0.0
13_55	0	0	0	0	0	0	0	0.0
13_56	0	0	0	0	0	0	0	0.0
13_57	0	0	0	0	0	0	0	0.0
13_58	0	0	0	0	0	0	0	0.0
13_59	1	0	0	0	1	0	0	0.6931471805599453
13_60	0	0	0	0	0	0	0	0.0
13_61	3	2	1	0	0	0	0	1.3862943611198906
13_62	0	0	0	0	0	0	0	0.0
13_63	0	0	0	0	0	0	0	0.0
13_64	0	0	0	0	0	0	0	0.0
13_65	0	0	0	0	0	0	0	0.0
13_66	0	0	0	0	0	0	0	0.0
13_67	0	0	0	0	0	0	0	0.0
13_68	0	0	0	0	0	0	0	0.0
13_69	0	0	0	0	0	0	0	0.0
13_70	0	0	0	0	0	0	0	0.0
13_71	0	0	0	0	0	0	0	0.0
13_72	0	0	0	0	0	0	0	0.0
13_73	0	0	0	0	0	0	0	0.0
13_74	0	0	0	0	0	0	0	0.0
13_75	2	0	0	2	0	0	0	1.0986122886681098
13_76	2	2	0	0	0	0	0	1.0986122886681098
13_77	0	0	0	0	0	0	0	0.0
13_78	0	0	0	0	0	0	0	0.0
13_79	0	0	0	0	0	0	0	0.0
13_80	1	0	0	0	1	0	0	0.6931471805599453
13_81	1	0	0	1	0	0	0	0.6931471805599453
13_82	0	0	0	0	0	0	0	0.0
13_83	0	0	0	0	0	0	0	0.0
13_84	0	0	0	0	0	0	0	0.0
13_85	0	0	0	0	0	0	0	0.0
13_86	0	0	0	0	0	0	0	0.0
13_87	0	0	0	0	0	0	0	0.0
13_88	4	3	0	0	1	0	0	1.6094379124341003
13_89	27	24	0	2	1	0	0	3.332204510175204
13_90	23	19	0	3	1	0	0	3.1780538303479458
13_91	10	4	2	0	0	0	4	2.3978952727983707
13_92	8	5	0	0	2	0	1	2.1972245773362196
13_93	2	2	0	0	0	0	0	1.0986122886681098
13_94	0	0	0	0	0	0	0	0.0
13_95	0	0	0	0	0	0	0	0.0
13_96	0	0	0	0	0	0	0	0.0
13_97	0	0	0	0	0	0	0	0.0
13_98	0	0	0	0	0	0	0	0.0
13_99	0	0	0	0	0	0	0	0.0
13_100	0	0	0	0	0	0	0	0.0
14_1	0	0	0	0	0	0	0	0.0
14_2	0	0	0	0	0	0	0	0.0
14_3	0	0	0	0	0	0	0	0.0
14_4	0	0	0	0	0	0	0	0.0
14_5	0	0	0	0	0	0	0	0.0
14_6	0	0	0	0	0	0	0	0.0
14_7	0	0	0	0	0	0	0	0.0
14_8	0	0	0	0	0	0	0	0.0
14_9	0	0	0	0	0	0	0	0.0
14_10	0	0	0	0	0	0	0	0.0
14_11	0	0	0	0	0	0	0	0.0
14_12	0	0	0	0	0	0	0	0.0
14_13	0	0	0	0	0	0	0	0.0
14_14	0	0	0	0	0	0	0	0.0
14_15	0	0	0	0	0	0	0	0.0
14_16	0	0	0	0	0	0	0	0.0
14_17	0	0	0	0	0	0	0	0.0
14_18	0	0	0	0	0	0	0	0.0
14_19	0	0	0	0	0	0	0	0.0
14_20	0	0	0	0	0	0	0	0.0
14_21	0	0	0	0	0	0	0	0.0
14_22	0	0	0	0	0	0	0	0.0
14_23	63	39	3	2	13	0	6	4.1588830833596715
14_24	56	28	2	0	26	0	0	4.04305126783455
14_25	73	42	2	1	12	16	0	4.30406509320417
14_26	56	29	0	1	26	0	0	4.04305126783455
14_27	35	31	0	0	4	0	0	3.58351893845611
14_28	36	18	2	0	15	1	0	3.6109179126442243
14_29	85	61	9	0	14	0	1	4.454347296253507
14_30	18	11	1	0	4	0	2	2.9444389791664403
14_31	1	1	0	0	0	0	0	0.6931471805599453
14_32	0	0	0	0	0	0	0	0.0
14_33	0	0	0	0	0	0	0	0.0
14_34	0	0	0	0	0	0	0	0.0
14_35	3	1	0	0	2	0	0	1.3862943611198906
14_36	1	0	0	0	1	0	0	0.6931471805599453
14_37	36	13	1	19	1	0	2	3.6109179126442243
14_38	0	0	0	0	0	0	0	0.0
14_39	0	0	0	0	0	0	0	0.0
14_40	1	1	0	0	0	0	0	0.6931471805599453
14_41	0	0	0	0	0	0	0	0.0
14_42	0	0	0	0	0	0	0	0.0
14_43	1	1	0	0	0	0	0	0.6931471805599453
14_44	0	0	0	0	0	0	0	0.0
14_45	1	0	0	1	0	0	0	0.6931471805599453
14_46	0	0	0	0	0	0	0	0.0
14_47	0	0	0	0	0	0	0	0.0
14_48	0	0	0	0	0	0	0	0.0
14_49	0	0	0	0	0	0	0	0.0
14_50	1	1	0	0	0	0	0	0.6931471805599453
14_51	0	0	0	0	0	0	0	0.0
14_52	0	0	0	0	0	0	0	0.0
14_53	0	0	0	0	0	0	0	0.0
14_54	0	0	0	0	0	0	0	0.0
14_55	0	0	0	0	0	0	0	0.0
14_56	1	1	0	0	0	0	0	0.6931471805599453
14_57	0	0	0	0	0	0	0	0.0
14_58	0	0	0	0	0	0	0	0.0
14_59	0	0	0	0	0	0	0	0.0
14_60	2	2	0	0	0	0	0	1.0986122886681098
14_61	22	8	4	1	3	0	6	3.1354942159291497
14_62	0	0	0	0	0	0	0	0.0
14_63	0	0	0	0	0	0	0	0.0
14_64	0	0	0	0	0	0	0	0.0
14_65	0	0	0	0	0	0	0	0.0
14_66	0	0	0	0	0	0	0	0.0
14_67	0	0	0	0	0	0	0	0.0
14_68	0	0	0	0	0	0	0	0.0
14_69	0	0	0	0	0	0	0	0.0
14_70	0	0	0	0	0	0	0	0.0
14_71	6	5	0	0	1	0	0	1.9459101490553132
14_72	3	2	0	1	0	0	0	1.3862943611198906
14_73	0	0	0	0	0	0	0	0.0
14_74	0	0	0	0	0	0	0	0.0
14_75	0	0	0	0	0	0	0	0.0
14_76	0	0	0	0	0	0	0	0.0
14_77	0	0	0	0	0	0	0	0.0
14_78	0	0	0	0	0	0	0	0.0
14_79	0	0	0	0	0	0	0	0.0
14_80	0	0	0	0	0	0	0	0.0
14_81	0	0	0	0	0	0	0	0.0
14_82	0	0	0	0	0	0	0	0.0
14_83	1	0	0	1	0	0	0	0.6931471805599453
14_84	0	0	0	0	0	0	0	0.0
14_85	0	0	0	0	0	0	0	0.0
14_86	0	0	0	0	0	0	0	0.0
14_87	0	0	0	0	0	0	0	0.0
14_88	0	0	0	0	0	0	0	0.0
14_89	0	0	0	0	0	0	0	0.0
14_90	0	0	0	0	0	0	0	0.0
14_91	25	7	6	0	5	3	4	3.258096538021482
14_92	9	4	0	0	4	1	0	2.302585092994046
14_93	0	0	0	0	0	0	0	0.0
14_94	0	0	0	0	0	0	0	0.0
14_95	0	0	0	0	0	0	0	0.0
14_96	1	1	0	0	0	0	0	0.6931471805599453
14_97	3	3	0	0	0	0	0	1.3862943611198906
14_98	0	0	0	0	0	0	0	0.0
14_99	3	1	0	2	0	0	0	1.3862943611198906
14_100	1	1	0	0	0	0	0	0.6931471805599453
15_1	0	0	0	0	0	0	0	0.0
15_2	0	0	0	0	0	0	0	0.0
15_3	0	0	0	0	0	0	0	0.0
15_4	0	0	0	0	0	0	0	0.0
15_5	0	0	0	0	0	0	0	0.0
15_6	0	0	0	0	0	0	0	0.0
15_7	0	0	0	0	0	0	0	0.0
15_8	0	0	0	0	0	0	0	0.0
15_9	0	0	0	0	0	0	0	0.0
15_10	0	0	0	0	0	0	0	0.0
15_11	0	0	0	0	0	0	0	0.0
15_12	0	0	0	0	0	0	0	0.0
15_13	0	0	0	0	0	0	0	0.0
15_14	0	0	0	0	0	0	0	0.0
15_15	0	0	0	0	0	0	0	0.0
15_16	0	0	0	0	0	0	0	0.0
15_17	0	0	0	0	0	0	0	0.0
15_18	0	0	0	0	0	0	0	0.0
15_19	0	0	0	0	0	0	0	0.0
15_20	0	0	0	0	0	0	0	0.0
15_21	0	0	0	0	0	0	0	0.0
15_22	0	0	0	0	0	0	0	0.0
15_23	2	1	0	0	1	0	0	1.0986122886681098
15_24	44	22	9	1	6	6	0	3.8066624897703196
15_25	73	50	2	0	18	0	3	4.30406509320417
15_26	20	11	1	1	6	0	1	3.044522437723423
15_27	74	57	11	0	6	0	0	4.31748811353631
15_28	25	16	1	0	6	0	2	3.258096538021482
15_29	121	85	25	0	10	1	0	4.804021044733257
15_30	74	28	4	0	37	1	4	4.31748811353631
15_31	0	0	0	0	0	0	0	0.0
15_32	4	3	0	0	1	0	0	1.6094379124341003
15_33	7	4	0	0	3	0	0	2.0794415416798357
15_34	6	4	0	0	2	0	0	1.9459101490553132
15_35	1	0	0	1	0	0	0	0.6931471805599453
15_36	11	8	0	1	2	0	0	2.4849066497880004
15_37	4	4	0	0	0	0	0	1.6094379124341003
15_38	0	0	0	0	0	0	0	0.0
15_39	0	0	0	0	0	0	0	0.0
15_40	3	3	0	0	0	0	0	1.3862943611198906
15_41	6	5	0	1	0	0	0	1.9459101490553132
15_42	34	23	4	4	2	1	0	3.5553480614894135
15_43	5	3	0	1	0	1	0	1.791759469228055
15_44	21	17	0	0	4	0	0	3.091042453358316
15_45	2	2	0	0	0	0	0	1.0986122886681098
15_46	0	0	0	0	0	0	0	0.0
15_47	0	0	0	0	0	0	0	0.0
15_48	1	0	0	0	1	0	0	0.6931471805599453
15_49	0	0	0	0	0	0	0	0.0
15_50	0	0	0	0	0	0	0	0.0
15_51	0	0	0	0	0	0	0	0.0
15_52	0	0	0	0	0	0	0	0.0
15_53	0	0	0	0	0	0	0	0.0
15_54	1	1	0	0	0	0	0	0.6931471805599453
15_55	1	1	0	0	0	0	0	0.6931471805599453
15_56	0	0	0	0	0	0	0	0.0
15_57	0	0	0	0	0	0	0	0.0
15_58	2	1	0	1	0	0	0	1.0986122886681098
15_59	0	0	0	0	0	0	0	0.0
15_60	2	1	0	0	0	0	1	1.0986122886681098
15_61	0	0	0	0	0	0	0	0.0
15_62	0	0	0	0	0	0	0	0.0
15_63	0	0	0	0	0	0	0	0.0
15_64	0	0	0	0	0	0	0	0.0
15_65	0	0	0	0	0	0	0	0.0
15_66	0	0	0	0	0	0	0	0.0
15_67	0	0	0	0	0	0	0	0.0
15_68	0	0	0	0	0	0	0	0.0
15_69	0	0	0	0	0	0	0	0.0
15_70	0	0	0	0	0	0	0	0.0
15_71	0	0	0	0	0	0	0	0.0
15_72	2	0	0	0	2	0	0	1.0986122886681098
15_73	0	0	0	0	0	0	0	0.0
15_74	0	0	0	0	0	0	0	0.0
15_75	0	0	0	0	0	0	0	0.0
15_76	0	0	0	0	0	0	0	0.0
15_77	2	0	0	2	0	0	0	1.0986122886681098
15_78	0	0	0	0	0	0	0	0.0
15_79	0	0	0	0	0	0	0	0.0
15_80	1	0	0	1	0	0	0	0.6931471805599453
15_81	0	0	0	0	0	0	0	0.0
15_82	0	0	0	0	0	0	0	0.0
15_83	1	0	0	1	0	0	0	0.6931471805599453
15_84	0	0	0	0	0	0	0	0.0
15_85	2	2	0	0	0	0	0	1.0986122886681098
15_86	3	3	0	0	0	0	0	1.3862943611198906
15_87	0	0	0	0	0	0	0	0.0
15_88	41	37	0	3	1	0	0	3.7376696182833684
15_89	8	7	0	1	0	0	0	2.1972245773362196
15_90	8	3	1	0	4	0	0	2.1972245773362196
15_91	70	38	12	3	17	0	0	4.2626798770413155
15_92	30	10	7	1	1	2	9	3.4339872044851463
15_93	0	0	0	0	0	0	0	0.0
15_94	0	0	0	0	0	0	0	0.0
15_95	0	0	0	0	0	0	0	0.0
15_96	4	4	0	0	0	0	0	1.6094379124341003
15_97	0	0	0	0	0	0	0	0.0
15_98	8	7	0	0	1	0	0	2.1972245773362196
15_99	2	0	0	1	1	0	0	1.0986122886681098
15_100	10	0	0	10	0	0	0	2.3978952727983707
16_1	0	0	0	0	0	0	0	0.0
16_2	0	0	0	0	0	0	0	0.0
16_3	0	0	0	0	0	0	0	0.0
16_4	0	0	0	0	0	0	0	0.0
16_5	0	0	0	0	0	0	0	0.0
16_6	0	0	0	0	0	0	0	0.0
16_7	0	0	0	0	0	0	0	0.0
16_8	0	0	0	0	0	0	0	0.0
16_9	0	0	0	0	0	0	0	0.0
16_10	0	0	0	0	0	0	0	0.0
16_11	0	0	0	0	0	0	0	0.0
16_12	0	0	0	0	0	0	0	0.0
16_13	0	0	0	0	0	0	0	0.0
16_14	0	0	0	0	0	0	0	0.0
16_15	0	0	0	0	0	0	0	0.0
16_16	0	0	0	0	0	0	0	0.0
16_17	0	0	0	0	0	0	0	0.0
16_18	0	0	0	0	0	0	0	0.0
16_19	0	0	0	0	0	0	0	0.0
16_20	0	0	0	0	0	0	0	0.0
16_21	0	0	0	0	0	0	0	0.0
16_22	0	0	0	0	0	0	0	0.0
16_23	0	0	0	0	0	0	0	0.0
16_24	0	0	0	0	0	0	0	0.0
16_25	10	6	1	0	3	0	0	2.3978952727983707
16_26	93	32	7	0	46	1	7	4.543294782270004
16_27	336	205	30	8	76	14	3	5.820082930352362
16_28	108	72	19	1	15	1	0	4.6913478822291435
16_29	187	117	43	0	26	1	0	5.236441962829949
16_30	239	140	43	3	49	1	3	5.480638923341991
16_31	73	36	7	0	29	1	0	4.30406509320417
16_32	12	10	0	0	2	0	0	2.5649493574615367
16_33	48	12	0	0	25	0	11	3.8918202981106265
16_34	48	24	0	0	18	0	6	3.8918202981106265
16_35	1	1	0	0	0	0	0	0.6931471805599453
16_36	2	2	0	0	0	0	0	1.0986122886681098
16_37	0	0	0	0	0	0	0	0.0
16_38	0	0	0	0	0	0	0	0.0
16_39	3	2	0	1	0	0	0	1.3862943611198906
16_40	5	3	0	2	0	0	0	1.791759469228055
16_41	7	7	0	0	0	0	0	2.0794415416798357
16_42	7	7	0	0	0	0	0	2.0794415416798357
16_43	2	2	0	0	0	0	0	1.0986122886681098
16_44	87	49	28	3	1	0	6	4.477336814478207
16_45	2	2	0	0	0	0	0	1.0986122886681098
16_46	6	4	0	1	1	0	0	1.9459101490553132
16_47	0	0	0	0	0	0	0	0.0
16_48	0	0	0	0	0	0	0	0.0
16_49	0	0	0	0	0	0	0	0.0
16_50	11	8	1	2	0	0	0	2.4849066497880004
16_51	0	0	0	0	0	0	0	0.0
16_52	0	0	0	0	0	0	0	0.0
16_53	0	0	0	0	0	0	0	0.0
16_54	3	3	0	0	0	0	0	1.3862943611198906
16_55	4	2	0	1	0	0	1	1.6094379124341003
16_56	0	0	0	0	0	0	0	0.0
16_57	0	0	0	0	0	0	0	0.0
16_58	6	3	0	1	2	0	0	1.9459101490553132
16_59	0	0	0	0	0	0	0	0.0
16_60	9	6	0	0	0	0	3	2.302585092994046
16_61	0	0	0	0	0	0	0	0.0
16_62	0	0	0	0	0	0	0	0.0
16_63	0	0	0	0	0	0	0	0.0
16_64	0	0	0	0	0	0	0	0.0
16_65	0	0	0	0	0	0	0	0.0
16_66	0	0	0	0	0	0	0	0.0
16_67	0	0	0	0	0	0	0	0.0
16_68	0	0	0	0	0	0	0	0.0
16_69	0	0	0	0	0	0	0	0.0
16_70	0	0	0	0	0	0	0	0.0
16_71	0	0	0	0	0	0	0	0.0
16_72	0	0	0	0	0	0	0	0.0
16_73	0	0	0	0	0	0	0	0.0
16_74	0	0	0	0	0	0	0	0.0
16_75	0	0	0	0	0	0	0	0.0
16_76	0	0	0	0	0	0	0	0.0
16_77	0	0	0	0	0	0	0	0.0
16_78	0	0	0	0	0	0	0	0.0
16_79	0	0	0	0	0	0	0	0.0
16_80	1	0	0	1	0	0	0	0.6931471805599453
16_81	1	1	0	0	0	0	0	0.6931471805599453
16_82	0	0	0	0	0	0	0	0.0
16_83	0	0	0	0	0	0	0	0.0
16_84	0	0	0	0	0	0	0	0.0
16_85	0	0	0	0	0	0	0	0.0
16_86	0	0	0	0	0	0	0	0.0
16_87	2	1	0	1	0	0	0	1.0986122886681098
16_88	11	5	0	4	1	1	0	2.4849066497880004
16_89	26	18	2	4	2	0	0	3.295836866004329
16_90	1	0	1	0	0	0	0	0.6931471805599453
16_91	29	19	4	0	2	0	4	3.4011973816621555
16_92	1	1	0	0	0	0	0	0.6931471805599453
16_93	1	0	0	1	0	0	0	0.6931471805599453
16_94	0	0	0	0	0	0	0	0.0
16_95	1	1	0	0	0	0	0	0.6931471805599453
16_96	6	3	1	2	0	0	0	1.9459101490553132
16_97	2	2	0	0	0	0	0	1.0986122886681098
16_98	0	0	0	0	0	0	0	0.0
16_99	3	3	0	0	0	0	0	1.3862943611198906
16_100	1	0	0	0	1	0	0	0.6931471805599453
17_1	0	0	0	0	0	0	0	0.0
17_2	0	0	0	0	0	0	0	0.0
17_3	0	0	0	0	0	0	0	0.0
17_4	0	0	0	0	0	0	0	0.0
17_5	0	0	0	0	0	0	0	0.0
17_6	0	0	0	0	0	0	0	0.0
17_7	0	0	0	0	0	0	0	0.0
17_8	0	0	0	0	0	0	0	0.0
17_9	0	0	0	0	0	0	0	0.0
17_10	0	0	0	0	0	0	0	0.0
17_11	0	0	0	0	0	0	0	0.0
17_12	0	0	0	0	0	0	0	0.0
17_13	0	0	0	0	0	0	0	0.0
17_14	0	0	0	0	0	0	0	0.0
17_15	0	0	0	0	0	0	0	0.0
17_16	0	0	0	0	0	0	0	0.0
17_17	0	0	0	0	0	0	0	0.0
17_18	0	0	0	0	0	0	0	0.0
17_19	0	0	0	0	0	0	0	0.0
17_20	0	0	0	0	0	0	0	0.0
17_21	0	0	0	0	0	0	0	0.0
17_22	0	0	0	0	0	0	0	0.0
17_23	0	0	0	0	0	0	0	0.0
17_24	0	0	0	0	0	0	0	0.0
17_25	27	21	2	2	2	0	0	3.332204510175204
17_26	14	11	0	0	3	0	0	2.70805020110221
17_27	45	26	3	0	16	0	0	3.828641396489095
17_28	136	91	15	0	23	5	2	4.919980925828125
17_29	493	319	89	1	48	20	16	6.202535517187923
17_30	135	71	18	0	35	0	11	4.912654885736052
17_31	172	103	15	0	54	0	0	5.153291594497779
17_32	160	88	13	4	50	0	5	5.081404364984463
17_33	193	95	19	6	55	0	18	5.267858159063328
17_34	93	45	3	6	34	0	5	4.543294782270004
17_35	12	7	0	0	3	0	2	2.5649493574615367
17_36	0	0	0	0	0	0	0	0.0
17_37	0	0	0	0	0	0	0	0.0
17_38	0	0	0	0	0	0	0	0.0
17_39	0	0	0	0	0	0	0	0.0
17_40	0	0	0	0	0	0	0	0.0
17_41	6	6	0	0	0	0	0	1.9459101490553132
17_42	8	8	0	0	0	0	0	2.1972245773362196
17_43	24	12	5	0	0	0	7	3.2188758248682006
17_44	7	7	0	0	0	0	0	2.0794415416798357
17_45	11	10	1	0	0	0	0	2.4849066497880004
17_46	1	0	0	0	1	0	0	0.6931471805599453
17_47	2	2	0	0	0	0	0	1.0986122886681098
17_48	0	0	0	0	0	0	0	0.0
17_49	0	0	0	0	0	0	0	0.0
17_50	0	0	0	0	0	0	0	0.0
17_51	0	0	0	0	0	0	0	0.0
17_52	0	0	0	0	0	0	0	0.0
17_53	0	0	0	0	0	0	0	0.0
17_54	0	0	0	0	0	0	0	0.0
17_55	7	7	0	0	0	0	0	2.0794415416798357
17_56	0	0	0	0	0	0	0	0.0
17_57	1	0	0	1	0	0	0	0.6931471805599453
17_58	0	0	0	0	0	0	0	0.0
17_59	0	0	0	0	0	0	0	0.0
17_60	9	5	0	3	1	0	0	2.302585092994046
17_61	5	1	0	4	0	0	0	1.791759469228055
17_62	6	3	0	3	0	0	0	1.9459101490553132
17_63	0	0	0	0	0	0	0	0.0
17_64	0	0	0	0	0	0	0	0.0
17_65	0	0	0	0	0	0	0	0.0
17_66	0	0	0	0	0	0	0	0.0
17_67	0	0	0	0	0	0	0	0.0
17_68	0	0	0	0	0	0	0	0.0
17_69	0	0	0	0	0	0	0	0.0
17_70	0	0	0	0	0	0	0	0.0
17_71	0	0	0	0	0	0	0	0.0
17_72	0	0	0	0	0	0	0	0.0
17_73	0	0	0	0	0	0	0	0.0
17_74	3	1	0	1	0	0	1	1.3862943611198906
17_75	6	1	0	0	0	1	4	1.9459101490553132
17_76	0	0	0	0	0	0	0	0.0
17_77	0	0	0	0	0	0	0	0.0
17_78	3	1	0	2	0	0	0	1.3862943611198906
17_79	0	0	0	0	0	0	0	0.0
17_80	0	0	0	0	0	0	0	0.0
17_81	0	0	0	0	0	0	0	0.0
17_82	0	0	0	0	0	0	0	0.0
17_83	1	0	0	1	0	0	0	0.6931471805599453
17_84	0	0	0	0	0	0	0	0.0
17_85	0	0	0	0	0	0	0	0.0
17_86	0	0	0	0	0	0	0	0.0
17_87	0	0	0	0	0	0	0	0.0
17_88	1	1	0	0	0	0	0	0.6931471805599453
17_89	0	0	0	0	0	0	0	0.0
17_90	6	1	0	3	2	0	0	1.9459101490553132
17_91	20	6	1	6	1	0	6	3.044522437723423
17_92	0	0	0	0	0	0	0	0.0
17_93	5	2	1	0	1	1	0	1.791759469228055
17_94	0	0	0	0	0	0	0	0.0
17_95	0	0	0	0	0	0	0	0.0
17_96	0	0	0	0	0	0	0	0.0
17_97	3	3	0	0	0	0	0	1.3862943611198906
17_98	0	0	0	0	0	0	0	0.0
17_99	5	5	0	0	0	0	0	1.791759469228055
17_100	1	0	0	0	1	0	0	0.6931471805599453
18_1	0	0	0	0	0	0	0	0.0
18_2	0	0	0	0	0	0	0	0.0
18_3	0	0	0	0	0	0	0	0.0
18_4	0	0	0	0	0	0	0	0.0
18_5	0	0	0	0	0	0	0	0.0
18_6	0	0	0	0	0	0	0	0.0
18_7	0	0	0	0	0	0	0	0.0
18_8	0	0	0	0	0	0	0	0.0
18_9	0	0	0	0	0	0	0	0.0
18_10	0	0	0	0	0	0	0	0.0
18_11	0	0	0	0	0	0	0	0.0
18_12	0	0	0	0	0	0	0	0.0
18_13	0	0	0	0	0	0	0	0.0
18_14	0	0	0	0	0	0	0	0.0
18_15	0	0	0	0	0	0	0	0.0
18_16	0	0	0	0	0	0	0	0.0
18_17	0	0	0	0	0	0	0	0.0
18_18	0	0	0	0	0	0	0	0.0
18_19	0	0	0	0	0	0	0	0.0
18_20	0	0	0	0	0	0	0	0.0
18_21	0	0	0	0	0	0	0	0.0
18_22	0	0	0	0	0	0	0	0.0
18_23	0	0	0	0	0	0	0	0.0
18_24	0	0	0	0	0	0	0	0.0
18_25	0	0	0	0	0	0	0	0.0
18_26	1	1	0	0	0	0	0	0.6931471805599453
18_27	19	5	0	0	14	0	0	2.995732273553991
18_28	236	148	14	7	60	5	2	5.4680601411351315
18_29	257	165	21	5	45	21	0	5.552959584921617
18_30	122	46	27	0	45	4	0	4.812184355372417
18_31	706	478	70	48	68	4	38	6.561030665896573
18_32	1415	756	147	331	76	6	99	7.255591274253665
18_33	111	47	7	6	33	0	18	4.718498871295094
18_34	18	6	0	1	9	0	2	2.9444389791664403
18_35	1	1	0	0	0	0	0	0.6931471805599453
18_36	0	0	0	0	0	0	0	0.0
18_37	7	6	0	0	1	0	0	2.0794415416798357
18_38	0	0	0	0	0	0	0	0.0
18_39	3	3	0	0	0	0	0	1.3862943611198906
18_40	0	0	0	0	0	0	0	0.0
18_41	6	5	0	1	0	0	0	1.9459101490553132
18_42	77	47	21	1	8	0	0	4.356708826689592
18_43	51	37	7	1	0	0	6	3.9512437185814275
18_44	9	6	1	0	2	0	0	2.302585092994046
18_45	2	2	0	0	0	0	0	1.0986122886681098
18_46	16	5	0	11	0	0	0	2.833213344056216
18_47	60	30	6	4	4	1	15	4.110873864173311
18_48	27	11	3	4	5	0	4	3.332204510175204
18_49	11	5	0	1	1	0	4	2.4849066497880004
18_50	0	0	0	0	0	0	0	0.0
18_51	2	0	0	2	0	0	0	1.0986122886681098
18_52	3	0	0	3	0	0	0	1.3862943611198906
18_53	0	0	0	0	0	0	0	0.0
18_54	1	1	0	0	0	0	0	0.6931471805599453
18_55	4	2	0	0	2	0	0	1.6094379124341003
18_56	2	2	0	0	0	0	0	1.0986122886681098
18_57	1	1	0	0	0	0	0	0.6931471805599453
18_58	2	2	0	0	0	0	0	1.0986122886681098
18_59	42	31	1	1	6	0	3	3.7612001156935624
18_60	28	21	0	5	2	0	0	3.367295829986474
18_61	0	0	0	0	0	0	0	0.0
18_62	0	0	0	0	0	0	0	0.0
18_63	0	0	0	0	0	0	0	0.0
18_64	0	0	0	0	0	0	0	0.0
18_65	0	0	0	0	0	0	0	0.0
18_66	0	0	0	0	0	0	0	0.0
18_67	1	0	0	0	0	0	1	0.6931471805599453
18_68	17	14	0	1	2	0	0	2.8903717578961645
18_69	0	0	0	0	0	0	0	0.0
18_70	0	0	0	0	0	0	0	0.0
18_71	0	0	0	0	0	0	0	0.0
18_72	1	0	0	0	0	0	1	0.6931471805599453
18_73	1	0	0	0	0	0	1	0.6931471805599453
18_74	1	0	0	0	0	0	1	0.6931471805599453
18_75	0	0	0	0	0	0	0	0.0
18_76	7	0	0	3	0	0	4	2.0794415416798357
18_77	1	0	0	1	0	0	0	0.6931471805599453
18_78	0	0	0	0	0	0	0	0.0
18_79	12	8	0	2	2	0	0	2.5649493574615367
18_80	2	0	0	0	0	0	2	1.0986122886681098
18_81	20	3	2	4	0	0	11	3.044522437723423
18_82	9	4	1	4	0	0	0	2.302585092994046
18_83	0	0	0	0	0	0	0	0.0
18_84	2	0	0	2	0	0	0	1.0986122886681098
18_85	23	14	0	0	0	0	9	3.1780538303479458
18_86	0	0	0	0	0	0	0	0.0
18_87	0	0	0	0	0	0	0	0.0
18_88	0	0	0	0	0	0	0	0.0
18_89	4	4	0	0	0	0	0	1.6094379124341003
18_90	5	2	0	1	2	0	0	1.791759469228055
18_91	14	2	3	0	1	0	8	2.70805020110221
18_92	7	4	0	3	0	0	0	2.0794415416798357
18_93	0	0	0	0	0	0	0	0.0
18_94	0	0	0	0	0	0	0	0.0
18_95	0	0	0	0	0	0	0	0.0
18_96	0	0	0	0	0	0	0	0.0
18_97	1	1	0	0	0	0	0	0.6931471805599453
18_98	12	5	0	0	0	0	7	2.5649493574615367
18_99	43	19	1	5	7	0	11	3.784189633918261
18_100	10	4	0	1	0	0	5	2.3978952727983707
19_1	0	0	0	0	0	0	0	0.0
19_2	0	0	0	0	0	0	0	0.0
19_3	0	0	0	0	0	0	0	0.0
19_4	0	0	0	0	0	0	0	0.0
19_5	0	0	0	0	0	0	0	0.0
19_6	0	0	0	0	0	0	0	0.0
19_7	0	0	0	0	0	0	0	0.0
19_8	0	0	0	0	0	0	0	0.0
19_9	0	0	0	0	0	0	0	0.0
19_10	0	0	0	0	0	0	0	0.0
19_11	0	0	0	0	0	0	0	0.0
19_12	0	0	0	0	0	0	0	0.0
19_13	0	0	0	0	0	0	0	0.0
19_14	0	0	0	0	0	0	0	0.0
19_15	0	0	0	0	0	0	0	0.0
19_16	0	0	0	0	0	0	0	0.0
19_17	0	0	0	0	0	0	0	0.0
19_18	0	0	0	0	0	0	0	0.0
19_19	0	0	0	0	0	0	0	0.0
19_20	0	0	0	0	0	0	0	0.0
19_21	0	0	0	0	0	0	0	0.0
19_22	0	0	0	0	0	0	0	0.0
19_23	0	0	0	0	0	0	0	0.0
19_24	0	0	0	0	0	0	0	0.0
19_25	0	0	0	0	0	0	0	0.0
19_26	0	0	0	0	0	0	0	0.0
19_27	0	0	0	0	0	0	0	0.0
19_28	24	4	3	0	17	0	0	3.2188758248682006
19_29	87	49	1	0	37	0	0	4.477336814478207
19_30	205	117	35	4	42	4	3	5.327876168789581
19_31	770	483	94	50	57	36	50	6.647688373563329
19_32	443	294	58	13	58	4	16	6.095824562432225
19_33	304	238	6	0	58	2	0	5.720311776607412
19_34	17	2	0	0	15	0	0	2.8903717578961645
19_35	1	0	0	0	1	0	0	0.6931471805599453
19_36	12	3	0	0	9	0	0	2.5649493574615367
19_37	4	1	0	0	3	0	0	1.6094379124341003
19_38	1	1	0	0	0	0	0	0.6931471805599453
19_39	3	3	0	0	0	0	0	1.3862943611198906
19_40	0	0	0	0	0	0	0	0.0
19_41	0	0	0	0	0	0	0	0.0
19_42	1	1	0	0	0	0	0	0.6931471805599453
19_43	7	6	1	0	0	0	0	2.0794415416798357
19_44	20	9	0	0	4	0	7	3.044522437723423
19_45	47	25	3	1	6	0	12	3.871201010907891
19_46	8	1	1	0	0	0	6	2.1972245773362196
19_47	12	3	1	0	0	0	8	2.5649493574615367
19_48	37	22	0	0	8	0	7	3.6375861597263857
19_49	0	0	0	0	0	0	0	0.0
19_50	3	3	0	0	0	0	0	1.3862943611198906
19_51	1	1	0	0	0	0	0	0.6931471805599453
19_52	0	0	0	0	0	0	0	0.0
19_53	19	14	1	0	4	0	0	2.995732273553991
19_54	0	0	0	0	0	0	0	0.0
19_55	24	11	2	5	4	2	0	3.2188758248682006
19_56	33	19	2	1	5	0	6	3.5263605246161616
19_57	6	2	1	0	1	0	2	1.9459101490553132
19_58	4	4	0	0	0	0	0	1.6094379124341003
19_59	41	29	5	0	6	1	0	3.7376696182833684
19_60	30	23	0	0	7	0	0	3.4339872044851463
19_61	11	6	0	0	5	0	0	2.4849066497880004
19_62	0	0	0	0	0	0	0	0.0
19_63	0	0	0	0	0	0	0	0.0
19_64	0	0	0	0	0	0	0	0.0
19_65	6	2	3	0	0	0	1	1.9459101490553132
19_66	0	0	0	0	0	0	0	0.0
19_67	0	0	0	0	0	0	0	0.0
19_68	27	11	0	13	1	0	2	3.332204510175204
19_69	3	2	0	1	0	0	0	1.3862943611198906
19_70	8	4	0	1	3	0	0	2.1972245773362196
19_71	56	24	5	8	8	0	11	4.04305126783455
19_72	8	4	0	0	0	0	4	2.1972245773362196
19_73	4	2	0	2	0	0	0	1.6094379124341003
19_74	8	6	0	1	0	0	1	2.1972245773362196
19_75	1	0	0	1	0	0	0	0.6931471805599453
19_76	1	0	0	1	0	0	0	0.6931471805599453
19_77	1	0	0	1	0	0	0	0.6931471805599453
19_78	47	19	4	14	2	0	8	3.871201010907891
19_79	4	0	0	4	0	0	0	1.6094379124341003
19_80	2	1	0	1	0	0	0	1.0986122886681098
19_81	0	0	0	0	0	0	0	0.0
19_82	0	0	0	0	0	0	0	0.0
19_83	0	0	0	0	0	0	0	0.0
19_84	0	0	0	0	0	0	0	0.0
19_85	1	0	0	1	0	0	0	0.6931471805599453
19_86	0	0	0	0	0	0	0	0.0
19_87	0	0	0	0	0	0	0	0.0
19_88	0	0	0	0	0	0	0	0.0
19_89	0	0	0	0	0	0	0	0.0
19_90	7	4	1	1	0	0	1	2.0794415416798357
19_91	2	2	0	0	0	0	0	1.0986122886681098
19_92	0	0	0	0	0	0	0	0.0
19_93	0	0	0	0	0	0	0	0.0
19_94	0	0	0	0	0	0	0	0.0
19_95	0	0	0	0	0	0	0	0.0
19_96	0	0	0	0	0	0	0	0.0
19_97	0	0	0	0	0	0	0	0.0
19_98	0	0	0	0	0	0	0	0.0
19_99	4	3	0	1	0	0	0	1.6094379124341003
19_100	4	4	0	0	0	0	0	1.6094379124341003
20_1	0	0	0	0	0	0	0	0.0
20_2	0	0	0	0	0	0	0	0.0
20_3	0	0	0	0	0	0	0	0.0
20_4	0	0	0	0	0	0	0	0.0
20_5	0	0	0	0	0	0	0	0.0
20_6	0	0	0	0	0	0	0	0.0
20_7	0	0	0	0	0	0	0	0.0
20_8	0	0	0	0	0	0	0	0.0
20_9	0	0	0	0	0	0	0	0.0
20_10	0	0	0	0	0	0	0	0.0
20_11	0	0	0	0	0	0	0	0.0
20_12	0	0	0	0	0	0	0	0.0
20_13	0	0	0	0	0	0	0	0.0
20_14	0	0	0	0	0	0	0	0.0
20_15	0	0	0	0	0	0	0	0.0
20_16	0	0	0	0	0	0	0	0.0
20_17	0	0	0	0	0	0	0	0.0
20_18	0	0	0	0	0	0	0	0.0
20_19	0	0	0	0	0	0	0	0.0
20_20	0	0	0	0	0	0	0	0.0
20_21	0	0	0	0	0	0	0	0.0
20_22	0	0	0	0	0	0	0	0.0
20_23	0	0	0	0	0	0	0	0.0
20_24	0	0	0	0	0	0	0	0.0
20_25	0	0	0	0	0	0	0	0.0
20_26	0	0	0	0	0	0	0	0.0
20_27	0	0	0	0	0	0	0	0.0
20_28	18	10	0	0	8	0	0	2.9444389791664403
20_29	96	47	7	3	39	0	0	4.574710978503383
20_30	105	54	8	0	43	0	0	4.663439094112067
20_31	131	64	11	0	34	4	18	4.882801922586371
20_32	90	45	4	0	41	0	0	4.51085950651685
20_33	145	71	23	0	47	0	4	4.983606621708336
20_34	29	15	1	0	13	0	0	3.4011973816621555
20_35	11	9	0	0	2	0	0	2.4849066497880004
20_36	6	6	0	0	0	0	0	1.9459101490553132
20_37	0	0	0	0	0	0	0	0.0
20_38	1	0	0	0	1	0	0	0.6931471805599453
20_39	0	0	0	0	0	0	0	0.0
20_40	0	0	0	0	0	0	0	0.0
20_41	0	0	0	0	0	0	0	0.0
20_42	0	0	0	0	0	0	0	0.0
20_43	6	5	0	0	1	0	0	1.9459101490553132
20_44	8	2	0	0	1	0	5	2.1972245773362196
20_45	15	9	1	0	0	0	5	2.772588722239781
20_46	18	10	1	0	0	2	5	2.9444389791664403
20_47	19	9	0	0	0	2	8	2.995732273553991
20_48	3	3	0	0	0	0	0	1.3862943611198906
20_49	2	2	0	0	0	0	0	1.0986122886681098
20_50	3	2	0	1	0	0	0	1.3862943611198906
20_51	0	0	0	0	0	0	0	0.0
20_52	0	0	0	0	0	0	0	0.0
20_53	1	1	0	0	0	0	0	0.6931471805599453
20_54	0	0	0	0	0	0	0	0.0
20_55	5	4	0	0	1	0	0	1.791759469228055
20_56	12	7	3	0	2	0	0	2.5649493574615367
20_57	12	6	0	4	2	0	0	2.5649493574615367
20_58	6	3	2	0	0	1	0	1.9459101490553132
20_59	8	8	0	0	0	0	0	2.1972245773362196
20_60	3	3	0	0	0	0	0	1.3862943611198906
20_61	11	9	0	1	1	0	0	2.4849066497880004
20_62	28	13	0	0	11	3	1	3.367295829986474
20_63	17	12	0	0	4	0	1	2.8903717578961645
20_64	38	25	2	10	1	0	0	3.6635616461296463
20_65	43	24	0	2	8	0	9	3.784189633918261
20_66	1	0	0	0	1	0	0	0.6931471805599453
20_67	0	0	0	0	0	0	0	0.0
20_68	0	0	0	0	0	0	0	0.0
20_69	0	0	0	0	0	0	0	0.0
20_70	0	0	0	0	0	0	0	0.0
20_71	0	0	0	0	0	0	0	0.0
20_72	0	0	0	0	0	0	0	0.0
20_73	0	0	0	0	0	0	0	0.0
20_74	0	0	0	0	0	0	0	0.0
20_75	0	0	0	0	0	0	0	0.0
20_76	1	0	0	1	0	0	0	0.6931471805599453
20_77	0	0	0	0	0	0	0	0.0
20_78	0	0	0	0	0	0	0	0.0
20_79	9	5	0	4	0	0	0	2.302585092994046
20_80	0	0	0	0	0	0	0	0.0
20_81	1	0	0	1	0	0	0	0.6931471805599453
20_82	0	0	0	0	0	0	0	0.0
20_83	0	0	0	0	0	0	0	0.0
20_84	0	0	0	0	0	0	0	0.0
20_85	0	0	0	0	0	0	0	0.0
20_86	1	0	0	1	0	0	0	0.6931471805599453
20_87	0	0	0	0	0	0	0	0.0
20_88	0	0	0	0	0	0	0	0.0
20_89	0	0	0	0	0	0	0	0.0
20_90	3	0	1	0	1	0	1	1.3862943611198906
20_91	10	2	0	1	1	0	6	2.3978952727983707
20_92	0	0	0	0	0	0	0	0.0
20_93	4	4	0	0	0	0	0	1.6094379124341003
20_94	0	0	0	0	0	0	0	0.0
20_95	3	2	1	0	0	0	0	1.3862943611198906
20_96	8	5	0	2	1	0	0	2.1972245773362196
20_97	3	2	0	1	0	0	0	1.3862943611198906
20_98	19	12	4	2	0	1	0	2.995732273553991
20_99	13	9	3	1	0	0	0	2.6390573296152584
20_100	37	26	3	1	6	1	0	3.6375861597263857
21_1	0	0	0	0	0	0	0	0.0
21_2	0	0	0	0	0	0	0	0.0
21_3	0	0	0	0	0	0	0	0.0
21_4	0	0	0	0	0	0	0	0.0
21_5	0	0	0	0	0	0	0	0.0
21_6	0	0	0	0	0	0	0	0.0
21_7	0	0	0	0	0	0	0	0.0
21_8	0	0	0	0	0	0	0	0.0
21_9	0	0	0	0	0	0	0	0.0
21_10	0	0	0	0	0	0	0	0.0
21_11	0	0	0	0	0	0	0	0.0
21_12	0	0	0	0	0	0	0	0.0
21_13	0	0	0	0	0	0	0	0.0
21_14	0	0	0	0	0	0	0	0.0
21_15	0	0	0	0	0	0	0	0.0
21_16	0	0	0	0	0	0	0	0.0
21_17	0	0	0	0	0	0	0	0.0
21_18	0	0	0	0	0	0	0	0.0
21_19	0	0	0	0	0	0	0	0.0
21_20	0	0	0	0	0	0	0	0.0
21_21	0	0	0	0	0	0	0	0.0
21_22	0	0	0	0	0	0	0	0.0
21_23	0	0	0	0	0	0	0	0.0
21_24	0	0	0	0	0	0	0	0.0
21_25	0	0	0	0	0	0	0	0.0
21_26	0	0	0	0	0	0	0	0.0
21_27	0	0	0	0	0	0	0	0.0
21_28	0	0	0	0	0	0	0	0.0
21_29	7	4	0	2	1	0	0	2.0794415416798357
21_30	61	34	1	1	21	3	1	4.127134385045092
21_31	122	70	4	2	22	3	21	4.812184355372417
21_32	44	18	2	0	24	0	0	3.8066624897703196
21_33	48	29	3	0	16	0	0	3.8918202981106265
21_34	39	27	1	0	11	0	0	3.6888794541139363
21_35	2	2	0	0	0	0	0	1.0986122886681098
21_36	0	0	0	0	0	0	0	0.0
21_37	5	4	0	0	1	0	0	1.791759469228055
21_38	0	0	0	0	0	0	0	0.0
21_39	0	0	0	0	0	0	0	0.0
21_40	1	1	0	0	0	0	0	0.6931471805599453
21_41	7	7	0	0	0	0	0	2.0794415416798357
21_42	12	12	0	0	0	0	0	2.5649493574615367
21_43	11	6	0	0	3	0	2	2.4849066497880004
21_44	20	5	1	0	6	0	8	3.044522437723423
21_45	5	5	0	0	0	0	0	1.791759469228055
21_46	65	45	5	0	9	0	6	4.189654742026425
21_47	101	53	28	1	5	0	14	4.624972813284271
21_48	19	8	1	0	0	0	10	2.995732273553991
21_49	21	12	4	0	0	0	5	3.091042453358316
21_50	2	2	0	0	0	0	0	1.0986122886681098
21_51	5	3	0	1	1	0	0	1.791759469228055
21_52	3	2	1	0	0	0	0	1.3862943611198906
21_53	4	4	0	0	0	0	0	1.6094379124341003
21_54	3	2	0	0	0	1	0	1.3862943611198906
21_55	13	8	1	0	1	0	3	2.6390573296152584
21_56	0	0	0	0	0	0	0	0.0
21_57	11	5	4	1	1	0	0	2.4849066497880004
21_58	55	31	3	0	21	0	0	4.02535169073515
21_59	33	21	0	2	10	0	0	3.5263605246161616
21_60	11	10	1	0	0	0	0	2.4849066497880004
21_61	26	17	0	0	9	0	0	3.295836866004329
21_62	14	5	1	0	2	1	5	2.70805020110221
21_63	17	14	0	0	3	0	0	2.8903717578961645
21_64	19	13	0	0	6	0	0	2.995732273553991
21_65	20	15	0	0	3	0	2	3.044522437723423
21_66	10	8	0	0	2	0	0	2.3978952727983707
21_67	1	1	0	0	0	0	0	0.6931471805599453
21_68	0	0	0	0	0	0	0	0.0
21_69	0	0	0	0	0	0	0	0.0
21_70	0	0	0	0	0	0	0	0.0
21_71	0	0	0	0	0	0	0	0.0
21_72	0	0	0	0	0	0	0	0.0
21_73	0	0	0	0	0	0	0	0.0
21_74	0	0	0	0	0	0	0	0.0
21_75	0	0	0	0	0	0	0	0.0
21_76	0	0	0	0	0	0	0	0.0
21_77	0	0	0	0	0	0	0	0.0
21_78	1	0	0	1	0	0	0	0.6931471805599453
21_79	0	0	0	0	0	0	0	0.0
21_80	0	0	0	0	0	0	0	0.0
21_81	0	0	0	0	0	0	0	0.0
21_82	0	0	0	0	0	0	0	0.0
21_83	0	0	0	0	0	0	0	0.0
21_84	0	0	0	0	0	0	0	0.0
21_85	0	0	0	0	0	0	0	0.0
21_86	1	0	0	1	0	0	0	0.6931471805599453
21_87	0	0	0	0	0	0	0	0.0
21_88	0	0	0	0	0	0	0	0.0
21_89	0	0	0	0	0	0	0	0.0
21_90	0	0	0	0	0	0	0	0.0
21_91	5	4	1	0	0	0	0	1.791759469228055
21_92	0	0	0	0	0	0	0	0.0
21_93	0	0	0	0	0	0	0	0.0
21_94	0	0	0	0	0	0	0	0.0
21_95	0	0	0	0	0	0	0	0.0
21_96	0	0	0	0	0	0	0	0.0
21_97	27	19	2	1	5	0	0	3.332204510175204
21_98	10	5	3	2	0	0	0	2.3978952727983707
21_99	0	0	0	0	0	0	0	0.0
21_100	0	0	0	0	0	0	0	0.0
22_1	0	0	0	0	0	0	0	0.0
22_2	0	0	0	0	0	0	0	0.0
22_3	0	0	0	0	0	0	0	0.0
22_4	0	0	0	0	0	0	0	0.0
22_5	0	0	0	0	0	0	0	0.0
22_6	0	0	0	0	0	0	0	0.0
22_7	0	0	0	0	0	0	0	0.0
22_8	0	0	0	0	0	0	0	0.0
22_9	0	0	0	0	0	0	0	0.0
22_10	0	0	0	0	0	0	0	0.0
22_11	0	0	0	0	0	0	0	0.0
22_12	0	0	0	0	0	0	0	0.0
22_13	0	0	0	0	0	0	0	0.0
22_14	0	0	0	0	0	0	0	0.0
22_15	0	0	0	0	0	0	0	0.0
22_16	0	0	0	0	0	0	0	0.0
22_17	0	0	0	0	0	0	0	0.0
22_18	0	0	0	0	0	0	0	0.0
22_19	0	0	0	0	0	0	0	0.0
22_20	0	0	0	0	0	0	0	0.0
22_21	0	0	0	0	0	0	0	0.0
22_22	0	0	0	0	0	0	0	0.0
22_23	0	0	0	0	0	0	0	0.0
22_24	0	0	0	0	0	0	0	0.0
22_25	0	0	0	0	0	0	0	0.0
22_26	0	0	0	0	0	0	0	0.0
22_27	0	0	0	0	0	0	0	0.0
22_28	0	0	0	0	0	0	0	0.0
22_29	0	0	0	0	0	0	0	0.0
22_30	23	12	5	1	5	0	0	3.1780538303479458
22_31	116	74	9	0	30	0	3	4.762173934797756
22_32	6	3	0	0	3	0	0	1.9459101490553132
22_33	5	2	0	0	3	0	0	1.791759469228055
22_34	12	9	2	0	1	0	0	2.5649493574615367
22_35	52	38	4	0	10	0	0	3.970291913552122
22_36	1	1	0	0	0	0	0	0.6931471805599453
22_37	4	3	0	0	1	0	0	1.6094379124341003
22_38	0	0	0	0	0	0	0	0.0
22_39	0	0	0	0	0	0	0	0.0
22_40	0	0	0	0	0	0	0	0.0
22_41	2	1	0	0	1	0	0	1.0986122886681098
22_42	9	4	0	0	1	0	4	2.302585092994046
22_43	4	1	0	0	0	0	3	1.6094379124341003
22_44	4	3	0	0	0	0	1	1.6094379124341003
22_45	3	0	0	0	0	0	3	1.3862943611198906
22_46	60	25	3	1	10	0	21	4.110873864173311
22_47	97	52	12	5	6	0	22	4.584967478670572
22_48	16	7	1	0	4	0	4	2.833213344056216
22_49	26	12	0	0	9	0	5	3.295836866004329
22_50	9	7	1	1	0	0	0	2.302585092994046
22_51	31	8	0	19	4	0	0	3.4657359027997265
22_52	0	0	0	0	0	0	0	0.0
22_53	1	0	0	1	0	0	0	0.6931471805599453
22_54	1	0	0	1	0	0	0	0.6931471805599453
22_55	25	11	1	0	13	0	0	3.258096538021482
22_56	8	6	0	0	2	0	0	2.1972245773362196
22_57	38	26	1	0	11	0	0	3.6635616461296463
22_58	55	27	3	0	20	4	1	4.02535169073515
22_59	44	29	6	2	4	3	0	3.8066624897703196
22_60	38	21	2	0	11	0	4	3.6635616461296463
22_61	10	5	0	0	4	0	1	2.3978952727983707
22_62	10	10	0	0	0	0	0	2.3978952727983707
22_63	11	10	0	0	1	0	0	2.4849066497880004
22_64	17	16	0	0	1	0	0	2.8903717578961645
22_65	16	13	0	0	1	0	2	2.833213344056216
22_66	9	9	0	0	0	0	0	2.302585092994046
22_67	1	1	0	0	0	0	0	0.6931471805599453
22_68	0	0	0	0	0	0	0	0.0
22_69	0	0	0	0	0	0	0	0.0
22_70	0	0	0	0	0	0	0	0.0
22_71	0	0	0	0	0	0	0	0.0
22_72	0	0	0	0	0	0	0	0.0
22_73	0	0	0	0	0	0	0	0.0
22_74	1	1	0	0	0	0	0	0.6931471805599453
22_75	1	1	0	0	0	0	0	0.6931471805599453
22_76	5	3	0	1	1	0	0	1.791759469228055
22_77	0	0	0	0	0	0	0	0.0
22_78	0	0	0	0	0	0	0	0.0
22_79	0	0	0	0	0	0	0	0.0
22_80	0	0	0	0	0	0	0	0.0
22_81	3	1	0	2	0	0	0	1.3862943611198906
22_82	0	0	0	0	0	0	0	0.0
22_83	1	0	0	0	0	0	1	0.6931471805599453
22_84	0	0	0	0	0	0	0	0.0
22_85	0	0	0	0	0	0	0	0.0
22_86	0	0	0	0	0	0	0	0.0
22_87	0	0	0	0	0	0	0	0.0
22_88	1	0	0	1	0	0	0	0.6931471805599453
22_89	0	0	0	0	0	0	0	0.0
22_90	2	2	0	0	0	0	0	1.0986122886681098
22_91	32	19	3	7	0	0	3	3.4965075614664802
22_92	4	3	0	0	1	0	0	1.6094379124341003
22_93	0	0	0	0	0	0	0	0.0
22_94	0	0	0	0	0	0	0	0.0
22_95	2	2	0	0	0	0	0	1.0986122886681098
22_96	0	0	0	0	0	0	0	0.0
22_97	9	7	0	1	1	0	0	2.302585092994046
22_98	5	5	0	0	0	0	0	1.791759469228055
22_99	4	4	0	0	0	0	0	1.6094379124341003
22_100	6	4	1	1	0	0	0	1.9459101490553132
23_1	0	0	0	0	0	0	0	0.0
23_2	0	0	0	0	0	0	0	0.0
23_3	0	0	0	0	0	0	0	0.0
23_4	0	0	0	0	0	0	0	0.0
23_5	0	0	0	0	0	0	0	0.0
23_6	0	0	0	0	0	0	0	0.0
23_7	0	0	0	0	0	0	0	0.0
23_8	0	0	0	0	0	0	0	0.0
23_9	0	0	0	0	0	0	0	0.0
23_10	0	0	0	0	0	0	0	0.0
23_11	0	0	0	0	0	0	0	0.0
23_12	0	0	0	0	0	0	0	0.0
23_13	0	0	0	0	0	0	0	0.0
23_14	0	0	0	0	0	0	0	0.0
23_15	0	0	0	0	0	0	0	0.0
23_16	0	0	0	0	0	0	0	0.0
23_17	0	0	0	0	0	0	0	0.0
23_18	0	0	0	0	0	0	0	0.0
23_19	0	0	0	0	0	0	0	0.0
23_20	0	0	0	0	0	0	0	0.0
23_21	0	0	0	0	0	0	0	0.0
23_22	0	0	0	0	0	0	0	0.0
23_23	0	0	0	0	0	0	0	0.0
23_24	0	0	0	0	0	0	0	0.0
23_25	0	0	0	0	0	0	0	0.0
23_26	0	0	0	0	0	0	0	0.0
23_27	0	0	0	0	0	0	0	0.0
23_28	0	0	0	0	0	0	0	0.0
23_29	0	0	0	0	0	0	0	0.0
23_30	0	0	0	0	0	0	0	0.0
23_31	29	20	0	0	7	0	2	3.4011973816621555
23_32	19	7	1	1	10	0	0	2.995732273553991
23_33	3	2	0	0	0	1	0	1.3862943611198906
23_34	0	0	0	0	0	0	0	0.0
23_35	129	86	11	0	18	1	13	4.867534450455582
23_36	49	38	3	0	7	0	1	3.912023005428146
23_37	28	13	0	1	14	0	0	3.367295829986474
23_38	11	4	0	0	2	0	5	2.4849066497880004
23_39	1	1	0	0	0	0	0	0.6931471805599453
23_40	4	3	0	1	0	0	0	1.6094379124341003
23_41	6	4	0	1	1	0	0	1.9459101490553132
23_42	69	31	10	0	12	0	16	4.248495242049359
23_43	21	12	2	2	2	0	3	3.091042453358316
23_44	16	8	0	1	5	0	2	2.833213344056216
23_45	0	0	0	0	0	0	0	0.0
23_46	6	6	0	0	0	0	0	1.9459101490553132
23_47	21	9	8	0	0	0	4	3.091042453358316
23_48	16	9	1	0	2	0	4	2.833213344056216
23_49	19	7	0	0	7	0	5	2.995732273553991
23_50	14	11	0	0	3	0	0	2.70805020110221
23_51	5	3	0	0	2	0	0	1.791759469228055
23_52	5	0	0	0	0	0	5	1.791759469228055
23_53	5	2	0	0	2	0	1	1.791759469228055
23_54	7	3	0	0	4	0	0	2.0794415416798357
23_55	10	6	1	0	3	0	0	2.3978952727983707
23_56	42	25	5	0	6	1	5	3.7612001156935624
23_57	288	156	112	0	11	2	7	5.666426688112432
23_58	71	37	24	0	10	0	0	4.276666119016055
23_59	163	109	39	2	12	0	1	5.099866427824199
23_60	119	76	21	0	16	0	6	4.787491742782046
23_61	36	19	12	0	5	0	0	3.6109179126442243
23_62	15	15	0	0	0	0	0	2.772588722239781
23_63	6	4	0	0	2	0	0	1.9459101490553132
23_64	45	32	3	1	8	0	1	3.828641396489095
23_65	21	17	0	0	4	0	0	3.091042453358316
23_66	14	9	0	0	5	0	0	2.70805020110221
23_67	8	7	0	1	0	0	0	2.1972245773362196
23_68	35	27	1	5	2	0	0	3.58351893845611
23_69	0	0	0	0	0	0	0	0.0
23_70	5	5	0	0	0	0	0	1.791759469228055
23_71	0	0	0	0	0	0	0	0.0
23_72	0	0	0	0	0	0	0	0.0
23_73	0	0	0	0	0	0	0	0.0
23_74	0	0	0	0	0	0	0	0.0
23_75	0	0	0	0	0	0	0	0.0
23_76	0	0	0	0	0	0	0	0.0
23_77	0	0	0	0	0	0	0	0.0
23_78	0	0	0	0	0	0	0	0.0
23_79	0	0	0	0	0	0	0	0.0
23_80	0	0	0	0	0	0	0	0.0
23_81	0	0	0	0	0	0	0	0.0
23_82	4	2	0	2	0	0	0	1.6094379124341003
23_83	0	0	0	0	0	0	0	0.0
23_84	0	0	0	0	0	0	0	0.0
23_85	0	0	0	0	0	0	0	0.0
23_86	0	0	0	0	0	0	0	0.0
23_87	1	0	0	1	0	0	0	0.6931471805599453
23_88	0	0	0	0	0	0	0	0.0
23_89	5	2	0	0	0	0	3	1.791759469228055
23_90	21	5	0	5	11	0	0	3.091042453358316
23_91	42	15	2	9	9	0	7	3.7612001156935624
23_92	1	1	0	0	0	0	0	0.6931471805599453
23_93	1	0	0	1	0	0	0	0.6931471805599453
23_94	0	0	0	0	0	0	0	0.0
23_95	0	0	0	0	0	0	0	0.0
23_96	0	0	0	0	0	0	0	0.0
23_97	1	1	0	0	0	0	0	0.6931471805599453
23_98	13	10	0	1	2	0	0	2.6390573296152584
23_99	2	2	0	0	0	0	0	1.0986122886681098
23_100	0	0	0	0	0	0	0	0.0
24_1	0	0	0	0	0	0	0	0.0
24_2	0	0	0	0	0	0	0	0.0
24_3	0	0	0	0	0	0	0	0.0
24_4	0	0	0	0	0	0	0	0.0
24_5	0	0	0	0	0	0	0	0.0
24_6	0	0	0	0	0	0	0	0.0
24_7	0	0	0	0	0	0	0	0.0
24_8	0	0	0	0	0	0	0	0.0
24_9	0	0	0	0	0	0	0	0.0
24_10	0	0	0	0	0	0	0	0.0
24_11	0	0	0	0	0	0	0	0.0
24_12	0	0	0	0	0	0	0	0.0
24_13	0	0	0	0	0	0	0	0.0
24_14	0	0	0	0	0	0	0	0.0
24_15	0	0	0	0	0	0	0	0.0
24_16	0	0	0	0	0	0	0	0.0
24_17	0	0	0	0	0	0	0	0.0
24_18	0	0	0	0	0	0	0	0.0
24_19	0	0	0	0	0	0	0	0.0
24_20	0	0	0	0	0	0	0	0.0
24_21	0	0	0	0	0	0	0	0.0
24_22	0	0	0	0	0	0	0	0.0
24_23	0	0	0	0	0	0	0	0.0
24_24	0	0	0	0	0	0	0	0.0
24_25	0	0	0	0	0	0	0	0.0
24_26	0	0	0	0	0	0	0	0.0
24_27	0	0	0	0	0	0	0	0.0
24_28	0	0	0	0	0	0	0	0.0
24_29	0	0	0	0	0	0	0	0.0
24_30	0	0	0	0	0	0	0	0.0
24_31	0	0	0	0	0	0	0	0.0
24_32	4	4	0	0	0	0	0	1.6094379124341003
24_33	5	4	0	0	0	1	0	1.791759469228055
24_34	1	1	0	0	0	0	0	0.6931471805599453
24_35	71	49	3	0	17	0	2	4.276666119016055
24_36	20	14	0	3	3	0	0	3.044522437723423
24_37	5	5	0	0	0	0	0	1.791759469228055
24_38	6	4	0	0	2	0	0	1.9459101490553132
24_39	0	0	0	0	0	0	0	0.0
24_40	0	0	0	0	0	0	0	0.0
24_41	2	1	0	1	0	0	0	1.0986122886681098
24_42	27	20	3	0	4	0	0	3.332204510175204
24_43	37	26	5	3	3	0	0	3.6375861597263857
24_44	6	4	1	0	0	0	1	1.9459101490553132
24_45	8	3	0	0	0	0	5	2.1972245773362196
24_46	10	5	0	0	0	0	5	2.3978952727983707
24_47	20	10	3	0	3	0	4	3.044522437723423
24_48	79	31	19	0	1	1	27	4.382026634673881
24_49	5	5	0	0	0	0	0	1.791759469228055
24_50	34	15	2	0	0	0	17	3.5553480614894135
24_51	15	4	0	0	0	0	11	2.772588722239781
24_52	38	7	0	0	1	24	6	3.6635616461296463
24_53	35	19	3	0	5	0	8	3.58351893845611
24_54	65	35	1	1	18	1	9	4.189654742026425
24_55	23	19	1	0	1	0	2	3.1780538303479458
24_56	93	58	2	3	18	0	12	4.543294782270004
24_57	54	25	2	0	11	2	14	4.007333185232471
24_58	156	75	22	2	45	8	4	5.056245805348308
24_59	511	337	41	53	26	4	50	6.238324625039508
24_60	238	153	30	3	11	2	39	5.476463551931511
24_61	77	52	14	0	11	0	0	4.356708826689592
24_62	41	28	8	0	5	0	0	3.7376696182833684
24_63	20	13	2	1	4	0	0	3.044522437723423
24_64	31	24	4	0	3	0	0	3.4657359027997265
24_65	23	15	4	0	1	0	3	3.1780538303479458
24_66	15	15	0	0	0	0	0	2.772588722239781
24_67	29	24	2	0	3	0	0	3.4011973816621555
24_68	25	17	0	0	8	0	0	3.258096538021482
24_69	5	5	0	0	0	0	0	1.791759469228055
24_70	1	0	0	1	0	0	0	0.6931471805599453
24_71	0	0	0	0	0	0	0	0.0
24_72	0	0	0	0	0	0	0	0.0
24_73	0	0	0	0	0	0	0	0.0
24_74	0	0	0	0	0	0	0	0.0
24_75	0	0	0	0	0	0	0	0.0
24_76	0	0	0	0	0	0	0	0.0
24_77	0	0	0	0	0	0	0	0.0
24_78	0	0	0	0	0	0	0	0.0
24_79	0	0	0	0	0	0	0	0.0
24_80	0	0	0	0	0	0	0	0.0
24_81	2	0	0	1	0	0	1	1.0986122886681098
24_82	1	0	0	1	0	0	0	0.6931471805599453
24_83	0	0	0	0	0	0	0	0.0
24_84	2	2	0	0	0	0	0	1.0986122886681098
24_85	0	0	0	0	0	0	0	0.0
24_86	2	0	0	2	0	0	0	1.0986122886681098
24_87	0	0	0	0	0	0	0	0.0
24_88	62	36	0	19	6	0	1	4.143134726391533
24_89	4	1	0	1	0	0	2	1.6094379124341003
24_90	49	11	2	27	3	0	6	3.912023005428146
24_91	99	37	15	40	6	0	1	4.605170185988092
24_92	84	40	17	11	1	6	9	4.442651256490317
24_93	1	1	0	0	0	0	0	0.6931471805599453
24_94	0	0	0	0	0	0	0	0.0
24_95	1	0	0	1	0	0	0	0.6931471805599453
24_96	4	4	0	0	0	0	0	1.6094379124341003
24_97	3	3	0	0	0	0	0	1.3862943611198906
24_98	3	3	0	0	0	0	0	1.3862943611198906
24_99	8	8	0	0	0	0	0	2.1972245773362196
24_100	0	0	0	0	0	0	0	0.0
25_1	0	0	0	0	0	0	0	0.0
25_2	0	0	0	0	0	0	0	0.0
25_3	0	0	0	0	0	0	0	0.0
25_4	0	0	0	0	0	0	0	0.0
25_5	0	0	0	0	0	0	0	0.0
25_6	0	0	0	0	0	0	0	0.0
25_7	0	0	0	0	0	0	0	0.0
25_8	0	0	0	0	0	0	0	0.0
25_9	0	0	0	0	0	0	0	0.0
25_10	0	0	0	0	0	0	0	0.0
25_11	0	0	0	0	0	0	0	0.0
25_12	0	0	0	0	0	0	0	0.0
25_13	0	0	0	0	0	0	0	0.0
25_14	0	0	0	0	0	0	0	0.0
25_15	0	0	0	0	0	0	0	0.0
25_16	0	0	0	0	0	0	0	0.0
25_17	0	0	0	0	0	0	0	0.0
25_18	0	0	0	0	0	0	0	0.0
25_19	0	0	0	0	0	0	0	0.0
25_20	0	0	0	0	0	0	0	0.0
25_21	0	0	0	0	0	0	0	0.0
25_22	0	0	0	0	0	0	0	0.0
25_23	0	0	0	0	0	0	0	0.0
25_24	0	0	0	0	0	0	0	0.0
25_25	0	0	0	0	0	0	0	0.0
25_26	0	0	0	0	0	0	0	0.0
25_27	0	0	0	0	0	0	0	0.0
25_28	0	0	0	0	0	0	0	0.0
25_29	0	0	0	0	0	0	0	0.0
25_30	0	0	0	0	0	0	0	0.0
25_31	0	0	0	0	0	0	0	0.0
25_32	2	0	0	0	2	0	0	1.0986122886681098
25_33	36	29	2	2	3	0	0	3.6109179126442243
25_34	84	60	16	1	7	0	0	4.442651256490317
25_35	4	3	0	0	0	1	0	1.6094379124341003
25_36	3	3	0	0	0	0	0	1.3862943611198906
25_37	2	2	0	0	0	0	0	1.0986122886681098
25_38	0	0	0	0	0	0	0	0.0
25_39	0	0	0	0	0	0	0	0.0
25_40	1	1	0	0	0	0	0	0.6931471805599453
25_41	0	0	0	0	0	0	0	0.0
25_42	0	0	0	0	0	0	0	0.0
25_43	1	0	0	0	0	0	1	0.6931471805599453
25_44	18	7	0	1	0	0	10	2.9444389791664403
25_45	94	45	3	1	18	0	27	4.553876891600541
25_46	33	15	3	0	0	0	15	3.5263605246161616
25_47	1	1	0	0	0	0	0	0.6931471805599453
25_48	27	12	6	0	1	0	8	3.332204510175204
25_49	15	7	0	0	0	0	8	2.772588722239781
25_50	21	7	1	0	0	0	13	3.091042453358316
25_51	32	15	1	0	2	0	14	3.4965075614664802
25_52	30	10	1	1	0	10	8	3.4339872044851463
25_53	175	108	13	4	19	0	31	5.170483995038151
25_54	137	85	11	0	22	1	18	4.927253685157205
25_55	21	14	0	0	1	0	6	3.091042453358316
25_56	15	8	2	0	5	0	0	2.772588722239781
25_57	68	40	12	1	8	0	7	4.23410650459726
25_58	233	134	16	14	36	4	29	5.455321115357702
25_59	593	313	113	43	27	7	90	6.386879319362645
25_60	168	113	12	7	21	0	15	5.1298987149230735
25_61	67	37	12	0	8	0	10	4.219507705176107
25_62	24	15	4	0	0	0	5	3.2188758248682006
25_63	29	14	2	2	5	0	6	3.4011973816621555
25_64	74	53	4	1	10	0	6	4.31748811353631
25_65	35	19	1	0	1	0	14	3.58351893845611
25_66	58	46	0	0	3	0	9	4.07753744390572
25_67	52	40	3	2	7	0	0	3.970291913552122
25_68	12	10	0	0	2	0	0	2.5649493574615367
25_69	2	2	0	0	0	0	0	1.0986122886681098
25_70	0	0	0	0	0	0	0	0.0
25_71	0	0	0	0	0	0	0	0.0
25_72	0	0	0	0	0	0	0	0.0
25_73	0	0	0	0	0	0	0	0.0
25_74	0	0	0	0	0	0	0	0.0
25_75	1	1	0	0	0	0	0	0.6931471805599453
25_76	0	0	0	0	0	0	0	0.0
25_77	0	0	0	0	0	0	0	0.0
25_78	0	0	0	0	0	0	0	0.0
25_79	0	0	0	0	0	0	0	0.0
25_80	0	0	0	0	0	0	0	0.0
25_81	0	0	0	0	0	0	0	0.0
25_82	1	0	0	1	0	0	0	0.6931471805599453
25_83	1	0	0	1	0	0	0	0.6931471805599453
25_84	0	0	0	0	0	0	0	0.0
25_85	0	0	0	0	0	0	0	0.0
25_86	0	0	0	0	0	0	0	0.0
25_87	0	0	0	0	0	0	0	0.0
25_88	0	0	0	0	0	0	0	0.0
25_89	19	4	0	0	0	0	15	2.995732273553991
25_90	46	14	3	8	1	1	19	3.8501476017100584
25_91	82	35	11	16	6	0	14	4.418840607796598
25_92	55	21	8	8	4	4	10	4.02535169073515
25_93	3	2	0	0	1	0	0	1.3862943611198906
25_94	0	0	0	0	0	0	0	0.0
25_95	0	0	0	0	0	0	0	0.0
25_96	0	0	0	0	0	0	0	0.0
25_97	2	2	0	0	0	0	0	1.0986122886681098
25_98	0	0	0	0	0	0	0	0.0
25_99	2	2	0	0	0	0	0	1.0986122886681098
25_100	2	2	0	0	0	0	0	1.0986122886681098
26_1	0	0	0	0	0	0	0	0.0
26_2	0	0	0	0	0	0	0	0.0
26_3	0	0	0	0	0	0	0	0.0
26_4	0	0	0	0	0	0	0	0.0
26_5	0	0	0	0	0	0	0	0.0
26_6	0	0	0	0	0	0	0	0.0
26_7	0	0	0	0	0	0	0	0.0
26_8	0	0	0	0	0	0	0	0.0
26_9	0	0	0	0	0	0	0	0.0
26_10	0	0	0	0	0	0	0	0.0
26_11	0	0	0	0	0	0	0	0.0
26_12	0	0	0	0	0	0	0	0.0
26_13	0	0	0	0	0	0	0	0.0
26_14	0	0	0	0	0	0	0	0.0
26_15	0	0	0	0	0	0	0	0.0
26_16	0	0	0	0	0	0	0	0.0
26_17	0	0	0	0	0	0	0	0.0
26_18	0	0	0	0	0	0	0	0.0
26_19	0	0	0	0	0	0	0	0.0
26_20	0	0	0	0	0	0	0	0.0
26_21	0	0	0	0	0	0	0	0.0
26_22	0	0	0	0	0	0	0	0.0
26_23	0	0	0	0	0	0	0	0.0
26_24	0	0	0	0	0	0	0	0.0
26_25	0	0	0	0	0	0	0	0.0
26_26	0	0	0	0	0	0	0	0.0
26_27	0	0	0	0	0	0	0	0.0
26_28	0	0	0	0	0	0	0	0.0
26_29	0	0	0	0	0	0	0	0.0
26_30	0	0	0	0	0	0	0	0.0
26_31	0	0	0	0	0	0	0	0.0
26_32	0	0	0	0	0	0	0	0.0
26_33	23	22	0	0	1	0	0	3.1780538303479458
26_34	122	97	5	0	15	0	5	4.812184355372417
26_35	3	2	0	0	1	0	0	1.3862943611198906
26_36	3	3	0	0	0	0	0	1.3862943611198906
26_37	0	0	0	0	0	0	0	0.0
26_38	5	3	0	2	0	0	0	1.791759469228055
26_39	2	2	0	0	0	0	0	1.0986122886681098
26_40	0	0	0	0	0	0	0	0.0
26_41	0	0	0	0	0	0	0	0.0
26_42	0	0	0	0	0	0	0	0.0
26_43	3	1	0	0	0	0	2	1.3862943611198906
26_44	5	0	0	0	0	0	5	1.791759469228055
26_45	21	9	0	0	0	0	12	3.091042453358316
26_46	28	17	3	1	0	1	6	3.367295829986474
26_47	81	53	9	1	9	1	8	4.406719247264253
26_48	50	30	6	0	5	1	8	3.9318256327243257
26_49	248	134	29	3	39	2	41	5.517452896464707
26_50	88	35	19	0	26	1	7	4.48863636973214
26_51	81	44	1	0	8	0	28	4.406719247264253
26_52	83	54	4	1	9	0	15	4.430816798843313
26_53	114	58	21	0	7	1	27	4.74493212836325
26_54	94	63	2	0	8	0	21	4.553876891600541
26_55	41	24	4	0	3	0	10	3.7376696182833684
26_56	54	36	8	0	0	1	9	4.007333185232471
26_57	18	9	1	0	0	0	8	2.9444389791664403
26_58	24	14	2	0	2	0	6	3.2188758248682006
26_59	27	7	10	1	0	0	9	3.332204510175204
26_60	98	46	17	2	10	0	23	4.59511985013459
26_61	39	24	9	0	2	3	1	3.6888794541139363
26_62	60	50	3	1	5	1	0	4.110873864173311
26_63	13	11	2	0	0	0	0	2.6390573296152584
26_64	29	23	2	0	4	0	0	3.4011973816621555
26_65	13	13	0	0	0	0	0	2.6390573296152584
26_66	34	28	0	0	4	0	2	3.5553480614894135
26_67	22	19	0	0	3	0	0	3.1354942159291497
26_68	10	9	0	0	1	0	0	2.3978952727983707
26_69	3	3	0	0	0	0	0	1.3862943611198906
26_70	13	8	0	0	5	0	0	2.6390573296152584
26_71	0	0	0	0	0	0	0	0.0
26_72	0	0	0	0	0	0	0	0.0
26_73	0	0	0	0	0	0	0	0.0
26_74	0	0	0	0	0	0	0	0.0
26_75	0	0	0	0	0	0	0	0.0
26_76	0	0	0	0	0	0	0	0.0
26_77	0	0	0	0	0	0	0	0.0
26_78	0	0	0	0	0	0	0	0.0
26_79	0	0	0	0	0	0	0	0.0
26_80	0	0	0	0	0	0	0	0.0
26_81	3	0	0	1	0	0	2	1.3862943611198906
26_82	0	0	0	0	0	0	0	0.0
26_83	0	0	0	0	0	0	0	0.0
26_84	0	0	0	0	0	0	0	0.0
26_85	0	0	0	0	0	0	0	0.0
26_86	1	0	0	1	0	0	0	0.6931471805599453
26_87	1	0	0	1	0	0	0	0.6931471805599453
26_88	0	0	0	0	0	0	0	0.0
26_89	0	0	0	0	0	0	0	0.0
26_90	34	12	0	7	1	0	14	3.5553480614894135
26_91	5	0	0	1	0	0	4	1.791759469228055
26_92	16	4	1	3	0	0	8	2.833213344056216
26_93	21	5	0	16	0	0	0	3.091042453358316
26_94	0	0	0	0	0	0	0	0.0
26_95	0	0	0	0	0	0	0	0.0
26_96	0	0	0	0	0	0	0	0.0
26_97	0	0	0	0	0	0	0	0.0
26_98	0	0	0	0	0	0	0	0.0
26_99	0	0	0	0	0	0	0	0.0
26_100	4	1	0	3	0	0	0	1.6094379124341003
27_1	0	0	0	0	0	0	0	0.0
27_2	0	0	0	0	0	0	0	0.0
27_3	0	0	0	0	0	0	0	0.0
27_4	0	0	0	0	0	0	0	0.0
27_5	0	0	0	0	0	0	0	0.0
27_6	0	0	0	0	0	0	0	0.0
27_7	0	0	0	0	0	0	0	0.0
27_8	0	0	0	0	0	0	0	0.0
27_9	0	0	0	0	0	0	0	0.0
27_10	0	0	0	0	0	0	0	0.0
27_11	0	0	0	0	0	0	0	0.0
27_12	0	0	0	0	0	0	0	0.0
27_13	0	0	0	0	0	0	0	0.0
27_14	0	0	0	0	0	0	0	0.0
27_15	0	0	0	0	0	0	0	0.0
27_16	0	0	0	0	0	0	0	0.0
27_17	0	0	0	0	0	0	0	0.0
27_18	0	0	0	0	0	0	0	0.0
27_19	0	0	0	0	0	0	0	0.0
27_20	0	0	0	0	0	0	0	0.0
27_21	0	0	0	0	0	0	0	0.0
27_22	0	0	0	0	0	0	0	0.0
27_23	0	0	0	0	0	0	0	0.0
27_24	0	0	0	0	0	0	0	0.0
27_25	0	0	0	0	0	0	0	0.0
27_26	0	0	0	0	0	0	0	0.0
27_27	0	0	0	0	0	0	0	0.0
27_28	0	0	0	0	0	0	0	0.0
27_29	0	0	0	0	0	0	0	0.0
27_30	0	0	0	0	0	0	0	0.0
27_31	0	0	0	0	0	0	0	0.0
27_32	0	0	0	0	0	0	0	0.0
27_33	0	0	0	0	0	0	0	0.0
27_34	33	25	2	0	6	0	0	3.5263605246161616
27_35	46	35	0	0	6	1	4	3.8501476017100584
27_36	2	1	0	0	1	0	0	1.0986122886681098
27_37	0	0	0	0	0	0	0	0.0
27_38	0	0	0	0	0	0	0	0.0
27_39	0	0	0	0	0	0	0	0.0
27_40	0	0	0	0	0	0	0	0.0
27_41	0	0	0	0	0	0	0	0.0
27_42	1	0	0	0	0	0	1	0.6931471805599453
27_43	2	0	0	0	0	0	2	1.0986122886681098
27_44	2	0	0	0	0	0	2	1.0986122886681098
27_45	2	0	0	0	0	0	2	1.0986122886681098
27_46	9	5	0	0	1	0	3	2.302585092994046
27_47	21	13	1	0	7	0	0	3.091042453358316
27_48	65	45	7	0	13	0	0	4.189654742026425
27_49	223	141	36	6	15	1	24	5.4116460518550396
27_50	350	192	28	36	58	7	29	5.860786223465865
27_51	43	27	8	0	1	0	7	3.784189633918261
27_52	37	22	2	0	1	0	12	3.6375861597263857
27_53	71	44	6	2	3	0	16	4.276666119016055
27_54	18	10	0	0	0	0	8	2.9444389791664403
27_55	19	5	0	0	3	0	11	2.995732273553991
27_56	54	34	0	0	9	0	11	4.007333185232471
27_57	39	24	0	0	6	0	9	3.6888794541139363
27_58	115	65	14	2	8	1	25	4.7535901911063645
27_59	70	36	12	1	7	1	13	4.2626798770413155
27_60	145	72	5	20	23	0	25	4.983606621708336
27_61	167	76	12	0	70	2	7	5.123963979403259
27_62	31	26	0	0	4	0	1	3.4657359027997265
27_63	30	25	0	1	4	0	0	3.4339872044851463
27_64	51	33	3	0	9	0	6	3.9512437185814275
27_65	61	43	5	0	12	1	0	4.127134385045092
27_66	62	48	6	0	8	0	0	4.143134726391533
27_67	24	22	0	0	2	0	0	3.2188758248682006
27_68	21	16	0	1	4	0	0	3.091042453358316
27_69	11	11	0	0	0	0	0	2.4849066497880004
27_70	2	2	0	0	0	0	0	1.0986122886681098
27_71	0	0	0	0	0	0	0	0.0
27_72	0	0	0	0	0	0	0	0.0
27_73	0	0	0	0	0	0	0	0.0
27_74	1	0	0	0	1	0	0	0.6931471805599453
27_75	0	0	0	0	0	0	0	0.0
27_76	0	0	0	0	0	0	0	0.0
27_77	0	0	0	0	0	0	0	0.0
27_78	0	0	0	0	0	0	0	0.0
27_79	0	0	0	0	0	0	0	0.0
27_80	0	0	0	0	0	0	0	0.0
27_81	0	0	0	0	0	0	0	0.0
27_82	0	0	0	0	0	0	0	0.0
27_83	1	1	0	0	0	0	0	0.6931471805599453
27_84	0	0	0	0	0	0	0	0.0
27_85	0	0	0	0	0	0	0	0.0
27_86	6	1	0	5	0	0	0	1.9459101490553132
27_87	1	0	0	1	0	0	0	0.6931471805599453
27_88	6	3	0	3	0	0	0	1.9459101490553132
27_89	2	1	0	1	0	0	0	1.0986122886681098
27_90	1	0	0	0	0	0	1	0.6931471805599453
27_91	14	0	0	0	0	0	14	2.70805020110221
27_92	66	20	1	25	7	0	13	4.204692619390966
27_93	3	0	0	0	0	0	3	1.3862943611198906
27_94	0	0	0	0	0	0	0	0.0
27_95	0	0	0	0	0	0	0	0.0
27_96	0	0	0	0	0	0	0	0.0
27_97	0	0	0	0	0	0	0	0.0
27_98	0	0	0	0	0	0	0	0.0
27_99	0	0	0	0	0	0	0	0.0
27_100	0	0	0	0	0	0	0	0.0
28_1	0	0	0	0	0	0	0	0.0
28_2	0	0	0	0	0	0	0	0.0
28_3	0	0	0	0	0	0	0	0.0
28_4	0	0	0	0	0	0	0	0.0
28_5	0	0	0	0	0	0	0	0.0
28_6	0	0	0	0	0	0	0	0.0
28_7	0	0	0	0	0	0	0	0.0
28_8	0	0	0	0	0	0	0	0.0
28_9	0	0	0	0	0	0	0	0.0
28_10	0	0	0	0	0	0	0	0.0
28_11	0	0	0	0	0	0	0	0.0
28_12	0	0	0	0	0	0	0	0.0
28_13	0	0	0	0	0	0	0	0.0
28_14	0	0	0	0	0	0	0	0.0
28_15	0	0	0	0	0	0	0	0.0
28_16	0	0	0	0	0	0	0	0.0
28_17	0	0	0	0	0	0	0	0.0
28_18	0	0	0	0	0	0	0	0.0
28_19	0	0	0	0	0	0	0	0.0
28_20	0	0	0	0	0	0	0	0.0
28_21	0	0	0	0	0	0	0	0.0
28_22	0	0	0	0	0	0	0	0.0
28_23	0	0	0	0	0	0	0	0.0
28_24	0	0	0	0	0	0	0	0.0
28_25	0	0	0	0	0	0	0	0.0
28_26	0	0	0	0	0	0	0	0.0
28_27	0	0	0	0	0	0	0	0.0
28_28	0	0	0	0	0	0	0	0.0
28_29	0	0	0	0	0	0	0	0.0
28_30	0	0	0	0	0	0	0	0.0
28_31	0	0	0	0	0	0	0	0.0
28_32	0	0	0	0	0	0	0	0.0
28_33	0	0	0	0	0	0	0	0.0
28_34	4	3	0	0	1	0	0	1.6094379124341003
28_35	114	88	12	1	9	0	4	4.74493212836325
28_36	35	29	2	0	4	0	0	3.58351893845611
28_37	1	1	0	0	0	0	0	0.6931471805599453
28_38	0	0	0	0	0	0	0	0.0
28_39	2	2	0	0	0	0	0	1.0986122886681098
28_40	0	0	0	0	0	0	0	0.0
28_41	0	0	0	0	0	0	0	0.0
28_42	3	0	0	0	0	0	3	1.3862943611198906
28_43	2	0	0	0	0	0	2	1.0986122886681098
28_44	0	0	0	0	0	0	0	0.0
28_45	1	1	0	0	0	0	0	0.6931471805599453
28_46	0	0	0	0	0	0	0	0.0
28_47	6	6	0	0	0	0	0	1.9459101490553132
28_48	2	1	1	0	0	0	0	1.0986122886681098
28_49	42	33	7	0	2	0	0	3.7612001156935624
28_50	59	34	8	1	7	2	7	4.0943445622221
28_51	87	51	15	1	2	1	17	4.477336814478207
28_52	56	27	4	0	10	0	15	4.04305126783455
28_53	125	67	7	0	26	1	24	4.836281906951478
28_54	33	17	0	2	6	0	8	3.5263605246161616
28_55	70	35	7	2	13	0	13	4.2626798770413155
28_56	41	20	0	0	5	0	16	3.7376696182833684
28_57	27	10	1	0	2	0	14	3.332204510175204
28_58	2	2	0	0	0	0	0	1.0986122886681098
28_59	0	0	0	0	0	0	0	0.0
28_60	42	24	3	7	3	0	5	3.7612001156935624
28_61	23	16	0	0	7	0	0	3.1780538303479458
28_62	5	5	0	0	0	0	0	1.791759469228055
28_63	0	0	0	0	0	0	0	0.0
28_64	0	0	0	0	0	0	0	0.0
28_65	2	2	0	0	0	0	0	1.0986122886681098
28_66	155	121	5	3	19	0	7	5.049856007249537
28_67	52	38	2	2	7	0	3	3.970291913552122
28_68	23	20	1	0	1	0	1	3.1780538303479458
28_69	14	13	0	0	1	0	0	2.70805020110221
28_70	1	1	0	0	0	0	0	0.6931471805599453
28_71	5	5	0	0	0	0	0	1.791759469228055
28_72	0	0	0	0	0	0	0	0.0
28_73	1	1	0	0	0	0	0	0.6931471805599453
28_74	0	0	0	0	0	0	0	0.0
28_75	0	0	0	0	0	0	0	0.0
28_76	0	0	0	0	0	0	0	0.0
28_77	0	0	0	0	0	0	0	0.0
28_78	0	0	0	0	0	0	0	0.0
28_79	0	0	0	0	0	0	0	0.0
28_80	0	0	0	0	0	0	0	0.0
28_81	0	0	0	0	0	0	0	0.0
28_82	0	0	0	0	0	0	0	0.0
28_83	0	0	0	0	0	0	0	0.0
28_84	0	0	0	0	0	0	0	0.0
28_85	0	0	0	0	0	0	0	0.0
28_86	0	0	0	0	0	0	0	0.0
28_87	1	0	0	1	0	0	0	0.6931471805599453
28_88	0	0	0	0	0	0	0	0.0
28_89	8	2	0	6	0	0	0	2.1972245773362196
28_90	11	1	0	1	0	0	9	2.4849066497880004
28_91	1	0	0	0	0	0	1	0.6931471805599453
28_92	14	3	0	4	0	0	7	2.70805020110221
28_93	20	2	0	9	3	0	6	3.044522437723423
28_94	16	5	1	3	0	0	7	2.833213344056216
28_95	0	0	0	0	0	0	0	0.0
28_96	0	0	0	0	0	0	0	0.0
28_97	0	0	0	0	0	0	0	0.0
28_98	2	2	0	0	0	0	0	1.0986122886681098
28_99	0	0	0	0	0	0	0	0.0
28_100	0	0	0	0	0	0	0	0.0
29_1	0	0	0	0	0	0	0	0.0
29_2	0	0	0	0	0	0	0	0.0
29_3	0	0	0	0	0	0	0	0.0
29_4	0	0	0	0	0	0	0	0.0
29_5	0	0	0	0	0	0	0	0.0
29_6	0	0	0	0	0	0	0	0.0
29_7	0	0	0	0	0	0	0	0.0
29_8	0	0	0	0	0	0	0	0.0
29_9	0	0	0	0	0	0	0	0.0
29_10	0	0	0	0	0	0	0	0.0
29_11	0	0	0	0	0	0	0	0.0
29_12	0	0	0	0	0	0	0	0.0
29_13	0	0	0	0	0	0	0	0.0
29_14	0	0	0	0	0	0	0	0.0
29_15	0	0	0	0	0	0	0	0.0
29_16	0	0	0	0	0	0	0	0.0
29_17	0	0	0	0	0	0	0	0.0
29_18	0	0	0	0	0	0	0	0.0
29_19	0	0	0	0	0	0	0	0.0
29_20	0	0	0	0	0	0	0	0.0
29_21	0	0	0	0	0	0	0	0.0
29_22	0	0	0	0	0	0	0	0.0
29_23	0	0	0	0	0	0	0	0.0
29_24	0	0	0	0	0	0	0	0.0
29_25	0	0	0	0	0	0	0	0.0
29_26	0	0	0	0	0	0	0	0.0
29_27	0	0	0	0	0	0	0	0.0
29_28	0	0	0	0	0	0	0	0.0
29_29	0	0	0	0	0	0	0	0.0
29_30	0	0	0	0	0	0	0	0.0
29_31	0	0	0	0	0	0	0	0.0
29_32	0	0	0	0	0	0	0	0.0
29_33	0	0	0	0	0	0	0	0.0
29_34	0	0	0	0	0	0	0	0.0
29_35	15	11	0	1	1	0	2	2.772588722239781
29_36	14	11	0	0	1	0	2	2.70805020110221
29_37	1	1	0	0	0	0	0	0.6931471805599453
29_38	0	0	0	0	0	0	0	0.0
29_39	0	0	0	0	0	0	0	0.0
29_40	0	0	0	0	0	0	0	0.0
29_41	0	0	0	0	0	0	0	0.0
29_42	0	0	0	0	0	0	0	0.0
29_43	1	1	0	0	0	0	0	0.6931471805599453
29_44	0	0	0	0	0	0	0	0.0
29_45	0	0	0	0	0	0	0	0.0
29_46	2	2	0	0	0	0	0	1.0986122886681098
29_47	0	0	0	0	0	0	0	0.0
29_48	0	0	0	0	0	0	0	0.0
29_49	11	9	0	0	2	0	0	2.4849066497880004
29_50	14	6	0	3	5	0	0	2.70805020110221
29_51	77	44	8	17	2	0	6	4.356708826689592
29_52	73	39	1	1	11	0	21	4.30406509320417
29_53	75	49	2	1	5	0	18	4.330733340286331
29_54	26	17	2	1	3	0	3	3.295836866004329
29_55	0	0	0	0	0	0	0	0.0
29_56	0	0	0	0	0	0	0	0.0
29_57	0	0	0	0	0	0	0	0.0
29_58	0	0	0	0	0	0	0	0.0
29_59	0	0	0	0	0	0	0	0.0
29_60	0	0	0	0	0	0	0	0.0
29_61	0	0	0	0	0	0	0	0.0
29_62	0	0	0	0	0	0	0	0.0
29_63	0	0	0	0	0	0	0	0.0
29_64	0	0	0	0	0	0	0	0.0
29_65	0	0	0	0	0	0	0	0.0
29_66	0	0	0	0	0	0	0	0.0
29_67	16	14	0	0	0	0	2	2.833213344056216
29_68	40	20	2	3	7	0	8	3.713572066704308
29_69	33	29	0	0	4	0	0	3.5263605246161616
29_70	23	10	0	0	13	0	0	3.1780538303479458
29_71	1	1	0	0	0	0	0	0.6931471805599453
29_72	10	7	0	0	3	0	0	2.3978952727983707
29_73	0	0	0	0	0	0	0	0.0
29_74	1	0	0	0	1	0	0	0.6931471805599453
29_75	0	0	0	0	0	0	0	0.0
29_76	0	0	0	0	0	0	0	0.0
29_77	0	0	0	0	0	0	0	0.0
29_78	3	3	0	0	0	0	0	1.3862943611198906
29_79	0	0	0	0	0	0	0	0.0
29_80	3	1	0	1	0	0	1	1.3862943611198906
29_81	0	0	0	0	0	0	0	0.0
29_82	0	0	0	0	0	0	0	0.0
29_83	0	0	0	0	0	0	0	0.0
29_84	0	0	0	0	0	0	0	0.0
29_85	0	0	0	0	0	0	0	0.0
29_86	1	1	0	0	0	0	0	0.6931471805599453
29_87	0	0	0	0	0	0	0	0.0
29_88	5	2	0	3	0	0	0	1.791759469228055
29_89	3	0	0	3	0	0	0	1.3862943611198906
29_90	0	0	0	0	0	0	0	0.0
29_91	0	0	0	0	0	0	0	0.0
29_92	2	0	0	0	0	0	2	1.0986122886681098
29_93	0	0	0	0	0	0	0	0.0
29_94	2	1	1	0	0	0	0	1.0986122886681098
29_95	0	0	0	0	0	0	0	0.0
29_96	0	0	0	0	0	0	0	0.0
29_97	0	0	0	0	0	0	0	0.0
29_98	1	0	0	0	1	0	0	0.6931471805599453
29_99	0	0	0	0	0	0	0	0.0
29_100	0	0	0	0	0	0	0	0.0
30_1	0	0	0	0	0	0	0	0.0
30_2	0	0	0	0	0	0	0	0.0
30_3	0	0	0	0	0	0	0	0.0
30_4	0	0	0	0	0	0	0	0.0
30_5	0	0	0	0	0	0	0	0.0
30_6	0	0	0	0	0	0	0	0.0
30_7	0	0	0	0	0	0	0	0.0
30_8	0	0	0	0	0	0	0	0.0
30_9	0	0	0	0	0	0	0	0.0
30_10	0	0	0	0	0	0	0	0.0
30_11	0	0	0	0	0	0	0	0.0
30_12	0	0	0	0	0	0	0	0.0
30_13	0	0	0	0	0	0	0	0.0
30_14	0	0	0	0	0	0	0	0.0
30_15	0	0	0	0	0	0	0	0.0
30_16	0	0	0	0	0	0	0	0.0
30_17	0	0	0	0	0	0	0	0.0
30_18	0	0	0	0	0	0	0	0.0
30_19	0	0	0	0	0	0	0	0.0
30_20	0	0	0	0	0	0	0	0.0
30_21	0	0	0	0	0	0	0	0.0
30_22	0	0	0	0	0	0	0	0.0
30_23	0	0	0	0	0	0	0	0.0
30_24	0	0	0	0	0	0	0	0.0
30_25	0	0	0	0	0	0	0	0.0
30_26	0	0	0	0	0	0	0	0.0
30_27	0	0	0	0	0	0	0	0.0
30_28	0	0	0	0	0	0	0	0.0
30_29	0	0	0	0	0	0	0	0.0
30_30	0	0	0	0	0	0	0	0.0
30_31	0	0	0	0	0	0	0	0.0
30_32	0	0	0	0	0	0	0	0.0
30_33	0	0	0	0	0	0	0	0.0
30_34	0	0	0	0	0	0	0	0.0
30_35	0	0	0	0	0	0	0	0.0
30_36	14	11	0	1	2	0	0	2.70805020110221
30_37	30	23	4	0	0	0	3	3.4339872044851463
30_38	3	1	0	1	1	0	0	1.3862943611198906
30_39	0	0	0	0	0	0	0	0.0
30_40	0	0	0	0	0	0	0	0.0
30_41	0	0	0	0	0	0	0	0.0
30_42	1	1	0	0	0	0	0	0.6931471805599453
30_43	1	1	0	0	0	0	0	0.6931471805599453
30_44	0	0	0	0	0	0	0	0.0
30_45	0	0	0	0	0	0	0	0.0
30_46	2	2	0	0	0	0	0	1.0986122886681098
30_47	10	10	0	0	0	0	0	2.3978952727983707
30_48	13	10	2	1	0	0	0	2.6390573296152584
30_49	10	7	0	0	3	0	0	2.3978952727983707
30_50	14	10	0	1	3	0	0	2.70805020110221
30_51	32	20	0	4	1	0	7	3.4965075614664802
30_52	0	0	0	0	0	0	0	0.0
30_53	0	0	0	0	0	0	0	0.0
30_54	0	0	0	0	0	0	0	0.0
30_55	0	0	0	0	0	0	0	0.0
30_56	0	0	0	0	0	0	0	0.0
30_57	0	0	0	0	0	0	0	0.0
30_58	0	0	0	0	0	0	0	0.0
30_59	0	0	0	0	0	0	0	0.0
30_60	0	0	0	0	0	0	0	0.0
30_61	0	0	0	0	0	0	0	0.0
30_62	0	0	0	0	0	0	0	0.0
30_63	0	0	0	0	0	0	0	0.0
30_64	0	0	0	0	0	0	0	0.0
30_65	0	0	0	0	0	0	0	0.0
30_66	0	0	0	0	0	0	0	0.0
30_67	0	0	0	0	0	0	0	0.0
30_68	85	53	4	1	24	0	3	4.454347296253507
30_69	129	96	9	0	22	1	1	4.867534450455582
30_70	36	29	1	0	6	0	0	3.6109179126442243
30_71	22	19	0	0	3	0	0	3.1354942159291497
30_72	15	3	0	0	12	0	0	2.772588722239781
30_73	0	0	0	0	0	0	0	0.0
30_74	3	2	0	0	1	0	0	1.3862943611198906
30_75	0	0	0	0	0	0	0	0.0
30_76	0	0	0	0	0	0	0	0.0
30_77	8	3	1	2	2	0	0	2.1972245773362196
30_78	87	58	6	15	2	0	6	4.477336814478207
30_79	0	0	0	0	0	0	0	0.0
30_80	0	0	0	0	0	0	0	0.0
30_81	0	0	0	0	0	0	0	0.0
30_82	0	0	0	0	0	0	0	0.0
30_83	0	0	0	0	0	0	0	0.0
30_84	0	0	0	0	0	0	0	0.0
30_85	0	0	0	0	0	0	0	0.0
30_86	0	0	0	0	0	0	0	0.0
30_87	0	0	0	0	0	0	0	0.0
30_88	2	1	0	1	0	0	0	1.0986122886681098
30_89	0	0	0	0	0	0	0	0.0
30_90	1	0	0	1	0	0	0	0.6931471805599453
30_91	0	0	0	0	0	0	0	0.0
30_92	0	0	0	0	0	0	0	0.0
30_93	0	0	0	0	0	0	0	0.0
30_94	1	0	0	0	0	0	1	0.6931471805599453
30_95	1	1	0	0	0	0	0	0.6931471805599453
30_96	1	1	0	0	0	0	0	0.6931471805599453
30_97	0	0	0	0	0	0	0	0.0
30_98	0	0	0	0	0	0	0	0.0
30_99	0	0	0	0	0	0	0	0.0
30_100	0	0	0	0	0	0	0	0.0
31_1	0	0	0	0	0	0	0	0.0
31_2	0	0	0	0	0	0	0	0.0
31_3	0	0	0	0	0	0	0	0.0
31_4	0	0	0	0	0	0	0	0.0
31_5	0	0	0	0	0	0	0	0.0
31_6	0	0	0	0	0	0	0	0.0
31_7	0	0	0	0	0	0	0	0.0
31_8	0	0	0	0	0	0	0	0.0
31_9	0	0	0	0	0	0	0	0.0
31_10	0	0	0	0	0	0	0	0.0
31_11	0	0	0	0	0	0	0	0.0
31_12	0	0	0	0	0	0	0	0.0
31_13	0	0	0	0	0	0	0	0.0
31_14	0	0	0	0	0	0	0	0.0
31_15	0	0	0	0	0	0	0	0.0
31_16	0	0	0	0	0	0	0	0.0
31_17	0	0	0	0	0	0	0	0.0
31_18	0	0	0	0	0	0	0	0.0
31_19	0	0	0	0	0	0	0	0.0
31_20	0	0	0	0	0	0	0	0.0
31_21	0	0	0	0	0	0	0	0.0
31_22	0	0	0	0	0	0	0	0.0
31_23	0	0	0	0	0	0	0	0.0
31_24	0	0	0	0	0	0	0	0.0
31_25	0	0	0	0	0	0	0	0.0
31_26	0	0	0	0	0	0	0	0.0
31_27	0	0	0	0	0	0	0	0.0
31_28	0	0	0	0	0	0	0	0.0
31_29	0	0	0	0	0	0	0	0.0
31_30	0	0	0	0	0	0	0	0.0
31_31	0	0	0	0	0	0	0	0.0
31_32	0	0	0	0	0	0	0	0.0
31_33	0	0	0	0	0	0	0	0.0
31_34	0	0	0	0	0	0	0	0.0
31_35	0	0	0	0	0	0	0	0.0
31_36	15	8	0	2	5	0	0	2.772588722239781
31_37	25	20	2	1	2	0	0	3.258096538021482
31_38	1	1	0	0	0	0	0	0.6931471805599453
31_39	0	0	0	0	0	0	0	0.0
31_40	0	0	0	0	0	0	0	0.0
31_41	0	0	0	0	0	0	0	0.0
31_42	2	1	0	1	0	0	0	1.0986122886681098
31_43	2	2	0	0	0	0	0	1.0986122886681098
31_44	2	2	0	0	0	0	0	1.0986122886681098
31_45	0	0	0	0	0	0	0	0.0
31_46	0	0	0	0	0	0	0	0.0
31_47	17	8	0	1	8	0	0	2.8903717578961645
31_48	110	87	15	0	8	0	0	4.709530201312334
31_49	46	31	3	3	3	0	6	3.8501476017100584
31_50	4	1	1	0	1	0	1	1.6094379124341003
31_51	0	0	0	0	0	0	0	0.0
31_52	0	0	0	0	0	0	0	0.0
31_53	0	0	0	0	0	0	0	0.0
31_54	0	0	0	0	0	0	0	0.0
31_55	0	0	0	0	0	0	0	0.0
31_56	0	0	0	0	0	0	0	0.0
31_57	0	0	0	0	0	0	0	0.0
31_58	0	0	0	0	0	0	0	0.0
31_59	0	0	0	0	0	0	0	0.0
31_60	0	0	0	0	0	0	0	0.0
31_61	0	0	0	0	0	0	0	0.0
31_62	0	0	0	0	0	0	0	0.0
31_63	0	0	0	0	0	0	0	0.0
31_64	0	0	0	0	0	0	0	0.0
31_65	0	0	0	0	0	0	0	0.0
31_66	0	0	0	0	0	0	0	0.0
31_67	0	0	0	0	0	0	0	0.0
31_68	14	5	3	2	4	0	0	2.70805020110221
31_69	196	142	17	2	27	0	8	5.2832037287379885
31_70	102	80	10	3	9	0	0	4.634728988229636
31_71	36	20	1	1	14	0	0	3.6109179126442243
31_72	26	6	0	0	20	0	0	3.295836866004329
31_73	14	9	0	0	5	0	0	2.70805020110221
31_74	1	1	0	0	0	0	0	0.6931471805599453
31_75	0	0	0	0	0	0	0	0.0
31_76	1	1	0	0	0	0	0	0.6931471805599453
31_77	9	5	1	1	2	0	0	2.302585092994046
31_78	0	0	0	0	0	0	0	0.0
31_79	0	0	0	0	0	0	0	0.0
31_80	0	0	0	0	0	0	0	0.0
31_81	0	0	0	0	0	0	0	0.0
31_82	0	0	0	0	0	0	0	0.0
31_83	0	0	0	0	0	0	0	0.0
31_84	2	1	0	1	0	0	0	1.0986122886681098
31_85	0	0	0	0	0	0	0	0.0
31_86	0	0	0	0	0	0	0	0.0
31_87	0	0	0	0	0	0	0	0.0
31_88	0	0	0	0	0	0	0	0.0
31_89	0	0	0	0	0	0	0	0.0
31_90	0	0	0	0	0	0	0	0.0
31_91	0	0	0	0	0	0	0	0.0
31_92	0	0	0	0	0	0	0	0.0
31_93	1	0	0	0	1	0	0	0.6931471805599453
31_94	1	0	0	0	0	0	1	0.6931471805599453
31_95	2	2	0	0	0	0	0	1.0986122886681098
31_96	0	0	0	0	0	0	0	0.0
31_97	0	0	0	0	0	0	0	0.0
31_98	0	0	0	0	0	0	0	0.0
31_99	0	0	0	0	0	0	0	0.0
31_100	0	0	0	0	0	0	0	0.0
32_1	0	0	0	0	0	0	0	0.0
32_2	0	0	0	0	0	0	0	0.0
32_3	0	0	0	0	0	0	0	0.0
32_4	0	0	0	0	0	0	0	0.0
32_5	0	0	0	0	0	0	0	0.0
32_6	0	0	0	0	0	0	0	0.0
32_7	0	0	0	0	0	0	0	0.0
32_8	0	0	0	0	0	0	0	0.0
32_9	0	0	0	0	0	0	0	0.0
32_10	0	0	0	0	0	0	0	0.0
32_11	0	0	0	0	0	0	0	0.0
32_12	0	0	0	0	0	0	0	0.0
32_13	0	0	0	0	0	0	0	0.0
32_14	0	0	0	0	0	0	0	0.0
32_15	0	0	0	0	0	0	0	0.0
32_16	0	0	0	0	0	0	0	0.0
32_17	0	0	0	0	0	0	0	0.0
32_18	0	0	0	0	0	0	0	0.0
32_19	0	0	0	0	0	0	0	0.0
32_20	0	0	0	0	0	0	0	0.0
32_21	0	0	0	0	0	0	0	0.0
32_22	0	0	0	0	0	0	0	0.0
32_23	0	0	0	0	0	0	0	0.0
32_24	0	0	0	0	0	0	0	0.0
32_25	0	0	0	0	0	0	0	0.0
32_26	0	0	0	0	0	0	0	0.0
32_27	0	0	0	0	0	0	0	0.0
32_28	0	0	0	0	0	0	0	0.0
32_29	0	0	0	0	0	0	0	0.0
32_30	0	0	0	0	0	0	0	0.0
32_31	0	0	0	0	0	0	0	0.0
32_32	0	0	0	0	0	0	0	0.0
32_33	0	0	0	0	0	0	0	0.0
32_34	0	0	0	0	0	0	0	0.0
32_35	0	0	0	0	0	0	0	0.0
32_36	0	0	0	0	0	0	0	0.0
32_37	39	27	3	1	5	0	3	3.6888794541139363
32_38	15	12	0	0	3	0	0	2.772588722239781
32_39	15	12	0	0	3	0	0	2.772588722239781
32_40	3	3	0	0	0	0	0	1.3862943611198906
32_41	0	0	0	0	0	0	0	0.0
32_42	0	0	0	0	0	0	0	0.0
32_43	0	0	0	0	0	0	0	0.0
32_44	8	8	0	0	0	0	0	2.1972245773362196
32_45	1	1	0	0	0	0	0	0.6931471805599453
32_46	3	3	0	0	0	0	0	1.3862943611198906
32_47	53	43	4	0	5	1	0	3.9889840465642745
32_48	217	160	29	9	9	2	8	5.384495062789089
32_49	6	2	2	2	0	0	0	1.9459101490553132
32_50	0	0	0	0	0	0	0	0.0
32_51	0	0	0	0	0	0	0	0.0
32_52	0	0	0	0	0	0	0	0.0
32_53	0	0	0	0	0	0	0	0.0
32_54	0	0	0	0	0	0	0	0.0
32_55	0	0	0	0	0	0	0	0.0
32_56	0	0	0	0	0	0	0	0.0
32_57	0	0	0	0	0	0	0	0.0
32_58	0	0	0	0	0	0	0	0.0
32_59	0	0	0	0	0	0	0	0.0
32_60	0	0	0	0	0	0	0	0.0
32_61	0	0	0	0	0	0	0	0.0
32_62	0	0	0	0	0	0	0	0.0
32_63	0	0	0	0	0	0	0	0.0
32_64	0	0	0	0	0	0	0	0.0
32_65	0	0	0	0	0	0	0	0.0
32_66	0	0	0	0	0	0	0	0.0
32_67	0	0	0	0	0	0	0	0.0
32_68	0	0	0	0	0	0	0	0.0
32_69	54	44	1	0	9	0	0	4.007333185232471
32_70	54	42	1	0	11	0	0	4.007333185232471
32_71	61	55	0	0	6	0	0	4.127134385045092
32_72	6	4	0	0	2	0	0	1.9459101490553132
32_73	11	9	0	0	2	0	0	2.4849066497880004
32_74	5	3	2	0	0	0	0	1.791759469228055
32_75	10	7	1	0	1	0	1	2.3978952727983707
32_76	54	28	1	2	16	0	7	4.007333185232471
32_77	3	2	1	0	0	0	0	1.3862943611198906
32_78	0	0	0	0	0	0	0	0.0
32_79	0	0	0	0	0	0	0	0.0
32_80	0	0	0	0	0	0	0	0.0
32_81	1	0	0	1	0	0	0	0.6931471805599453
32_82	3	1	0	2	0	0	0	1.3862943611198906
32_83	0	0	0	0	0	0	0	0.0
32_84	0	0	0	0	0	0	0	0.0
32_85	0	0	0	0	0	0	0	0.0
32_86	0	0	0	0	0	0	0	0.0
32_87	0	0	0	0	0	0	0	0.0
32_88	0	0	0	0	0	0	0	0.0
32_89	1	1	0	0	0	0	0	0.6931471805599453
32_90	0	0	0	0	0	0	0	0.0
32_91	0	0	0	0	0	0	0	0.0
32_92	0	0	0	0	0	0	0	0.0
32_93	8	7	0	0	1	0	0	2.1972245773362196
32_94	1	0	0	0	0	0	1	0.6931471805599453
32_95	0	0	0	0	0	0	0	0.0
32_96	1	1	0	0	0	0	0	0.6931471805599453
32_97	1	0	0	0	0	0	1	0.6931471805599453
32_98	0	0	0	0	0	0	0	0.0
32_99	0	0	0	0	0	0	0	0.0
32_100	0	0	0	0	0	0	0	0.0
33_1	0	0	0	0	0	0	0	0.0
33_2	0	0	0	0	0	0	0	0.0
33_3	0	0	0	0	0	0	0	0.0
33_4	0	0	0	0	0	0	0	0.0
33_5	0	0	0	0	0	0	0	0.0
33_6	0	0	0	0	0	0	0	0.0
33_7	0	0	0	0	0	0	0	0.0
33_8	0	0	0	0	0	0	0	0.0
33_9	0	0	0	0	0	0	0	0.0
33_10	0	0	0	0	0	0	0	0.0
33_11	0	0	0	0	0	0	0	0.0
33_12	0	0	0	0	0	0	0	0.0
33_13	0	0	0	0	0	0	0	0.0
33_14	0	0	0	0	0	0	0	0.0
33_15	0	0	0	0	0	0	0	0.0
33_16	0	0	0	0	0	0	0	0.0
33_17	0	0	0	0	0	0	0	0.0
33_18	0	0	0	0	0	0	0	0.0
33_19	0	0	0	0	0	0	0	0.0
33_20	0	0	0	0	0	0	0	0.0
33_21	0	0	0	0	0	0	0	0.0
33_22	0	0	0	0	0	0	0	0.0
33_23	0	0	0	0	0	0	0	0.0
33_24	0	0	0	0	0	0	0	0.0
33_25	0	0	0	0	0	0	0	0.0
33_26	0	0	0	0	0	0	0	0.0
33_27	0	0	0	0	0	0	0	0.0
33_28	0	0	0	0	0	0	0	0.0
33_29	0	0	0	0	0	0	0	0.0
33_30	0	0	0	0	0	0	0	0.0
33_31	0	0	0	0	0	0	0	0.0
33_32	0	0	0	0	0	0	0	0.0
33_33	0	0	0	0	0	0	0	0.0
33_34	0	0	0	0	0	0	0	0.0
33_35	0	0	0	0	0	0	0	0.0
33_36	0	0	0	0	0	0	0	0.0
33_37	17	13	2	2	0	0	0	2.8903717578961645
33_38	30	23	1	1	3	0	2	3.4339872044851463
33_39	27	25	0	0	2	0	0	3.332204510175204
33_40	0	0	0	0	0	0	0	0.0
33_41	0	0	0	0	0	0	0	0.0
33_42	0	0	0	0	0	0	0	0.0
33_43	1	0	0	0	1	0	0	0.6931471805599453
33_44	3	2	0	0	1	0	0	1.3862943611198906
33_45	5	4	0	0	1	0	0	1.791759469228055
33_46	8	8	0	0	0	0	0	2.1972245773362196
33_47	12	7	2	1	2	0	0	2.5649493574615367
33_48	57	42	3	6	3	0	3	4.060443010546419
33_49	0	0	0	0	0	0	0	0.0
33_50	0	0	0	0	0	0	0	0.0
33_51	0	0	0	0	0	0	0	0.0
33_52	0	0	0	0	0	0	0	0.0
33_53	0	0	0	0	0	0	0	0.0
33_54	0	0	0	0	0	0	0	0.0
33_55	0	0	0	0	0	0	0	0.0
33_56	0	0	0	0	0	0	0	0.0
33_57	0	0	0	0	0	0	0	0.0
33_58	0	0	0	0	0	0	0	0.0
33_59	0	0	0	0	0	0	0	0.0
33_60	0	0	0	0	0	0	0	0.0
33_61	0	0	0	0	0	0	0	0.0
33_62	0	0	0	0	0	0	0	0.0
33_63	0	0	0	0	0	0	0	0.0
33_64	0	0	0	0	0	0	0	0.0
33_65	0	0	0	0	0	0	0	0.0
33_66	0	0	0	0	0	0	0	0.0
33_67	0	0	0	0	0	0	0	0.0
33_68	0	0	0	0	0	0	0	0.0
33_69	9	5	0	0	4	0	0	2.302585092994046
33_70	120	79	6	5	21	0	9	4.795790545596741
33_71	243	199	19	1	22	1	1	5.497168225293202
33_72	72	55	4	0	12	1	0	4.290459441148391
33_73	99	61	4	2	12	1	19	4.605170185988092
33_74	40	25	2	0	12	0	1	3.713572066704308
33_75	29	22	0	0	6	0	1	3.4011973816621555
33_76	54	29	2	1	15	0	7	4.007333185232471
33_77	34	18	0	6	9	0	1	3.5553480614894135
33_78	0	0	0	0	0	0	0	0.0
33_79	0	0	0	0	0	0	0	0.0
33_80	5	3	0	2	0	0	0	1.791759469228055
33_81	0	0	0	0	0	0	0	0.0
33_82	0	0	0	0	0	0	0	0.0
33_83	0	0	0	0	0	0	0	0.0
33_84	0	0	0	0	0	0	0	0.0
33_85	0	0	0	0	0	0	0	0.0
33_86	0	0	0	0	0	0	0	0.0
33_87	0	0	0	0	0	0	0	0.0
33_88	0	0	0	0	0	0	0	0.0
33_89	0	0	0	0	0	0	0	0.0
33_90	0	0	0	0	0	0	0	0.0
33_91	0	0	0	0	0	0	0	0.0
33_92	3	3	0	0	0	0	0	1.3862943611198906
33_93	0	0	0	0	0	0	0	0.0
33_94	0	0	0	0	0	0	0	0.0
33_95	0	0	0	0	0	0	0	0.0
33_96	0	0	0	0	0	0	0	0.0
33_97	0	0	0	0	0	0	0	0.0
33_98	2	0	0	0	0	0	2	1.0986122886681098
33_99	0	0	0	0	0	0	0	0.0
33_100	0	0	0	0	0	0	0	0.0
34_1	0	0	0	0	0	0	0	0.0
34_2	0	0	0	0	0	0	0	0.0
34_3	0	0	0	0	0	0	0	0.0
34_4	0	0	0	0	0	0	0	0.0
34_5	0	0	0	0	0	0	0	0.0
34_6	0	0	0	0	0	0	0	0.0
34_7	0	0	0	0	0	0	0	0.0
34_8	0	0	0	0	0	0	0	0.0
34_9	0	0	0	0	0	0	0	0.0
34_10	0	0	0	0	0	0	0	0.0
34_11	0	0	0	0	0	0	0	0.0
34_12	0	0	0	0	0	0	0	0.0
34_13	0	0	0	0	0	0	0	0.0
34_14	0	0	0	0	0	0	0	0.0
34_15	0	0	0	0	0	0	0	0.0
34_16	0	0	0	0	0	0	0	0.0
34_17	0	0	0	0	0	0	0	0.0
34_18	0	0	0	0	0	0	0	0.0
34_19	0	0	0	0	0	0	0	0.0
34_20	0	0	0	0	0	0	0	0.0
34_21	0	0	0	0	0	0	0	0.0
34_22	0	0	0	0	0	0	0	0.0
34_23	0	0	0	0	0	0	0	0.0
34_24	0	0	0	0	0	0	0	0.0
34_25	0	0	0	0	0	0	0	0.0
34_26	0	0	0	0	0	0	0	0.0
34_27	0	0	0	0	0	0	0	0.0
34_28	0	0	0	0	0	0	0	0.0
34_29	0	0	0	0	0	0	0	0.0
34_30	0	0	0	0	0	0	0	0.0
34_31	0	0	0	0	0	0	0	0.0
34_32	0	0	0	0	0	0	0	0.0
34_33	0	0	0	0	0	0	0	0.0
34_34	0	0	0	0	0	0	0	0.0
34_35	0	0	0	0	0	0	0	0.0
34_36	0	0	0	0	0	0	0	0.0
34_37	32	26	0	2	4	0	0	3.4965075614664802
34_38	123	74	18	7	14	1	9	4.820281565605037
34_39	59	29	26	0	3	1	0	4.0943445622221
34_40	16	15	1	0	0	0	0	2.833213344056216
34_41	0	0	0	0	0	0	0	0.0
34_42	2	2	0	0	0	0	0	1.0986122886681098
34_43	3	0	2	0	1	0	0	1.3862943611198906
34_44	2	2	0	0	0	0	0	1.0986122886681098
34_45	4	4	0	0	0	0	0	1.6094379124341003
34_46	1	1	0	0	0	0	0	0.6931471805599453
34_47	4	2	0	1	1	0	0	1.6094379124341003
34_48	16	13	0	0	2	0	1	2.833213344056216
34_49	15	12	1	0	0	0	2	2.772588722239781
34_50	0	0	0	0	0	0	0	0.0
34_51	0	0	0	0	0	0	0	0.0
34_52	0	0	0	0	0	0	0	0.0
34_53	0	0	0	0	0	0	0	0.0
34_54	0	0	0	0	0	0	0	0.0
34_55	0	0	0	0	0	0	0	0.0
34_56	0	0	0	0	0	0	0	0.0
34_57	0	0	0	0	0	0	0	0.0
34_58	0	0	0	0	0	0	0	0.0
34_59	0	0	0	0	0	0	0	0.0
34_60	0	0	0	0	0	0	0	0.0
34_61	0	0	0	0	0	0	0	0.0
34_62	0	0	0	0	0	0	0	0.0
34_63	0	0	0	0	0	0	0	0.0
34_64	0	0	0	0	0	0	0	0.0
34_65	0	0	0	0	0	0	0	0.0
34_66	0	0	0	0	0	0	0	0.0
34_67	0	0	0	0	0	0	0	0.0
34_68	0	0	0	0	0	0	0	0.0
34_69	39	26	5	2	6	0	0	3.6888794541139363
34_70	86	69	4	3	10	0	0	4.465908118654584
34_71	26	23	0	1	1	1	0	3.295836866004329
34_72	49	39	2	0	8	0	0	3.912023005428146
34_73	31	25	1	0	5	0	0	3.4657359027997265
34_74	18	13	0	0	5	0	0	2.9444389791664403
34_75	23	15	0	0	2	0	6	3.1780538303479458
34_76	39	24	2	0	9	0	4	3.6888794541139363
34_77	35	11	0	0	21	0	3	3.58351893845611
34_78	1	1	0	0	0	0	0	0.6931471805599453
34_79	3	2	0	0	1	0	0	1.3862943611198906
34_80	1	1	0	0	0	0	0	0.6931471805599453
34_81	0	0	0	0	0	0	0	0.0
34_82	0	0	0	0	0	0	0	0.0
34_83	0	0	0	0	0	0	0	0.0
34_84	0	0	0	0	0	0	0	0.0
34_85	0	0	0	0	0	0	0	0.0
34_86	0	0	0	0	0	0	0	0.0
34_87	0	0	0	0	0	0	0	0.0
34_88	0	0	0	0	0	0	0	0.0
34_89	0	0	0	0	0	0	0	0.0
34_90	0	0	0	0	0	0	0	0.0
34_91	0	0	0	0	0	0	0	0.0
34_92	8	5	0	2	0	0	1	2.1972245773362196
34_93	0	0	0	0	0	0	0	0.0
34_94	1	0	0	1	0	0	0	0.6931471805599453
34_95	0	0	0	0	0	0	0	0.0
34_96	0	0	0	0	0	0	0	0.0
34_97	0	0	0	0	0	0	0	0.0
34_98	0	0	0	0	0	0	0	0.0
34_99	0	0	0	0	0	0	0	0.0
34_100	0	0	0	0	0	0	0	0.0
35_1	0	0	0	0	0	0	0	0.0
35_2	0	0	0	0	0	0	0	0.0
35_3	0	0	0	0	0	0	0	0.0
35_4	0	0	0	0	0	0	0	0.0
35_5	0	0	0	0	0	0	0	0.0
35_6	0	0	0	0	0	0	0	0.0
35_7	0	0	0	0	0	0	0	0.0
35_8	0	0	0	0	0	0	0	0.0
35_9	0	0	0	0	0	0	0	0.0
35_10	0	0	0	0	0	0	0	0.0
35_11	0	0	0	0	0	0	0	0.0
35_12	0	0	0	0	0	0	0	0.0
35_13	0	0	0	0	0	0	0	0.0
35_14	0	0	0	0	0	0	0	0.0
35_15	0	0	0	0	0	0	0	0.0
35_16	0	0	0	0	0	0	0	0.0
35_17	0	0	0	0	0	0	0	0.0
35_18	0	0	0	0	0	0	0	0.0
35_19	0	0	0	0	0	0	0	0.0
35_20	0	0	0	0	0	0	0	0.0
35_21	0	0	0	0	0	0	0	0.0
35_22	0	0	0	0	0	0	0	0.0
35_23	0	0	0	0	0	0	0	0.0
35_24	0	0	0	0	0	0	0	0.0
35_25	0	0	0	0	0	0	0	0.0
35_26	0	0	0	0	0	0	0	0.0
35_27	0	0	0	0	0	0	0	0.0
35_28	0	0	0	0	0	0	0	0.0
35_29	0	0	0	0	0	0	0	0.0
35_30	0	0	0	0	0	0	0	0.0
35_31	0	0	0	0	0	0	0	0.0
35_32	0	0	0	0	0	0	0	0.0
35_33	0	0	0	0	0	0	0	0.0
35_34	0	0	0	0	0	0	0	0.0
35_35	0	0	0	0	0	0	0	0.0
35_36	0	0	0	0	0	0	0	0.0
35_37	40	29	1	2	4	4	0	3.713572066704308
35_38	42	28	12	0	2	0	0	3.7612001156935624
35_39	0	0	0	0	0	0	0	0.0
35_40	3	1	0	0	2	0	0	1.3862943611198906
35_41	1	1	0	0	0	0	0	0.6931471805599453
35_42	1	1	0	0	0	0	0	0.6931471805599453
35_43	0	0	0	0	0	0	0	0.0
35_44	0	0	0	0	0	0	0	0.0
35_45	2	2	0	0	0	0	0	1.0986122886681098
35_46	1	1	0	0	0	0	0	0.6931471805599453
35_47	0	0	0	0	0	0	0	0.0
35_48	1	1	0	0	0	0	0	0.6931471805599453
35_49	11	8	0	0	3	0	0	2.4849066497880004
35_50	25	19	1	2	3	0	0	3.258096538021482
35_51	0	0	0	0	0	0	0	0.0
35_52	0	0	0	0	0	0	0	0.0
35_53	0	0	0	0	0	0	0	0.0
35_54	0	0	0	0	0	0	0	0.0
35_55	0	0	0	0	0	0	0	0.0
35_56	0	0	0	0	0	0	0	0.0
35_57	0	0	0	0	0	0	0	0.0
35_58	0	0	0	0	0	0	0	0.0
35_59	0	0	0	0	0	0	0	0.0
35_60	0	0	0	0	0	0	0	0.0
35_61	0	0	0	0	0	0	0	0.0
35_62	0	0	0	0	0	0	0	0.0
35_63	0	0	0	0	0	0	0	0.0
35_64	0	0	0	0	0	0	0	0.0
35_65	0	0	0	0	0	0	0	0.0
35_66	0	0	0	0	0	0	0	0.0
35_67	0	0	0	0	0	0	0	0.0
35_68	0	0	0	0	0	0	0	0.0
35_69	0	0	0	0	0	0	0	0.0
35_70	51	35	4	0	5	0	7	3.9512437185814275
35_71	8	8	0	0	0	0	0	2.1972245773362196
35_72	42	37	2	0	3	0	0	3.7612001156935624
35_73	21	20	0	0	1	0	0	3.091042453358316
35_74	30	13	0	0	12	1	4	3.4339872044851463
35_75	16	9	1	1	2	0	3	2.833213344056216
35_76	38	17	0	2	4	0	15	3.6635616461296463
35_77	45	22	0	0	6	0	17	3.828641396489095
35_78	14	6	0	0	0	0	8	2.70805020110221
35_79	0	0	0	0	0	0	0	0.0
35_80	0	0	0	0	0	0	0	0.0
35_81	0	0	0	0	0	0	0	0.0
35_82	0	0	0	0	0	0	0	0.0
35_83	0	0	0	0	0	0	0	0.0
35_84	1	1	0	0	0	0	0	0.6931471805599453
35_85	0	0	0	0	0	0	0	0.0
35_86	0	0	0	0	0	0	0	0.0
35_87	0	0	0	0	0	0	0	0.0
35_88	0	0	0	0	0	0	0	0.0
35_89	0	0	0	0	0	0	0	0.0
35_90	2	1	0	1	0	0	0	1.0986122886681098
35_91	0	0	0	0	0	0	0	0.0
35_92	0	0	0	0	0	0	0	0.0
35_93	1	0	0	0	0	0	1	0.6931471805599453
35_94	0	0	0	0	0	0	0	0.0
35_95	0	0	0	0	0	0	0	0.0
35_96	1	0	0	1	0	0	0	0.6931471805599453
35_97	0	0	0	0	0	0	0	0.0
35_98	0	0	0	0	0	0	0	0.0
35_99	0	0	0	0	0	0	0	0.0
35_100	1	1	0	0	0	0	0	0.6931471805599453
36_1	0	0	0	0	0	0	0	0.0
36_2	0	0	0	0	0	0	0	0.0
36_3	0	0	0	0	0	0	0	0.0
36_4	0	0	0	0	0	0	0	0.0
36_5	0	0	0	0	0	0	0	0.0
36_6	0	0	0	0	0	0	0	0.0
36_7	0	0	0	0	0	0	0	0.0
36_8	0	0	0	0	0	0	0	0.0
36_9	0	0	0	0	0	0	0	0.0
36_10	0	0	0	0	0	0	0	0.0
36_11	0	0	0	0	0	0	0	0.0
36_12	0	0	0	0	0	0	0	0.0
36_13	0	0	0	0	0	0	0	0.0
36_14	0	0	0	0	0	0	0	0.0
36_15	0	0	0	0	0	0	0	0.0
36_16	0	0	0	0	0	0	0	0.0
36_17	0	0	0	0	0	0	0	0.0
36_18	0	0	0	0	0	0	0	0.0
36_19	0	0	0	0	0	0	0	0.0
36_20	0	0	0	0	0	0	0	0.0
36_21	0	0	0	0	0	0	0	0.0
36_22	0	0	0	0	0	0	0	0.0
36_23	0	0	0	0	0	0	0	0.0
36_24	0	0	0	0	0	0	0	0.0
36_25	0	0	0	0	0	0	0	0.0
36_26	0	0	0	0	0	0	0	0.0
36_27	0	0	0	0	0	0	0	0.0
36_28	0	0	0	0	0	0	0	0.0
36_29	0	0	0	0	0	0	0	0.0
36_30	0	0	0	0	0	0	0	0.0
36_31	0	0	0	0	0	0	0	0.0
36_32	0	0	0	0	0	0	0	0.0
36_33	0	0	0	0	0	0	0	0.0
36_34	0	0	0	0	0	0	0	0.0
36_35	0	0	0	0	0	0	0	0.0
36_36	1	1	0	0	0	0	0	0.6931471805599453
36_37	62	33	0	17	7	5	0	4.143134726391533
36_38	8	6	0	0	2	0	0	2.1972245773362196
36_39	9	7	0	0	0	0	2	2.302585092994046
36_40	0	0	0	0	0	0	0	0.0
36_41	11	6	0	0	2	0	3	2.4849066497880004
36_42	6	6	0	0	0	0	0	1.9459101490553132
36_43	0	0	0	0	0	0	0	0.0
36_44	0	0	0	0	0	0	0	0.0
36_45	0	0	0	0	0	0	0	0.0
36_46	0	0	0	0	0	0	0	0.0
36_47	1	1	0	0	0	0	0	0.6931471805599453
36_48	0	0	0	0	0	0	0	0.0
36_49	0	0	0	0	0	0	0	0.0
36_50	7	5	0	2	0	0	0	2.0794415416798357
36_51	0	0	0	0	0	0	0	0.0
36_52	0	0	0	0	0	0	0	0.0
36_53	0	0	0	0	0	0	0	0.0
36_54	0	0	0	0	0	0	0	0.0
36_55	0	0	0	0	0	0	0	0.0
36_56	0	0	0	0	0	0	0	0.0
36_57	0	0	0	0	0	0	0	0.0
36_58	0	0	0	0	0	0	0	0.0
36_59	0	0	0	0	0	0	0	0.0
36_60	0	0	0	0	0	0	0	0.0
36_61	0	0	0	0	0	0	0	0.0
36_62	0	0	0	0	0	0	0	0.0
36_63	0	0	0	0	0	0	0	0.0
36_64	0	0	0	0	0	0	0	0.0
36_65	0	0	0	0	0	0	0	0.0
36_66	0	0	0	0	0	0	0	0.0
36_67	0	0	0	0	0	0	0	0.0
36_68	0	0	0	0	0	0	0	0.0
36_69	0	0	0	0	0	0	0	0.0
36_70	25	11	10	0	2	0	2	3.258096538021482
36_71	20	15	0	2	2	0	1	3.044522437723423
36_72	22	11	2	1	3	0	5	3.1354942159291497
36_73	82	56	13	0	11	0	2	4.418840607796598
36_74	264	175	47	3	21	1	17	5.579729825986222
36_75	33	23	2	0	3	0	5	3.5263605246161616
36_76	73	41	9	0	6	0	17	4.30406509320417
36_77	52	28	2	0	8	0	14	3.970291913552122
36_78	8	4	0	4	0	0	0	2.1972245773362196
36_79	0	0	0	0	0	0	0	0.0
36_80	0	0	0	0	0	0	0	0.0
36_81	0	0	0	0	0	0	0	0.0
36_82	0	0	0	0	0	0	0	0.0
36_83	0	0	0	0	0	0	0	0.0
36_84	1	0	0	1	0	0	0	0.6931471805599453
36_85	0	0	0	0	0	0	0	0.0
36_86	0	0	0	0	0	0	0	0.0
36_87	0	0	0	0	0	0	0	0.0
36_88	0	0	0	0	0	0	0	0.0
36_89	0	0	0	0	0	0	0	0.0
36_90	3	0	0	3	0	0	0	1.3862943611198906
36_91	3	1	0	0	0	0	2	1.3862943611198906
36_92	0	0	0	0	0	0	0	0.0
36_93	5	3	0	2	0	0	0	1.791759469228055
36_94	0	0	0	0	0	0	0	0.0
36_95	0	0	0	0	0	0	0	0.0
36_96	0	0	0	0	0	0	0	0.0
36_97	0	0	0	0	0	0	0	0.0
36_98	0	0	0	0	0	0	0	0.0
36_99	0	0	0	0	0	0	0	0.0
36_100	0	0	0	0	0	0	0	0.0
37_1	0	0	0	0	0	0	0	0.0
37_2	0	0	0	0	0	0	0	0.0
37_3	0	0	0	0	0	0	0	0.0
37_4	0	0	0	0	0	0	0	0.0
37_5	0	0	0	0	0	0	0	0.0
37_6	0	0	0	0	0	0	0	0.0
37_7	0	0	0	0	0	0	0	0.0
37_8	0	0	0	0	0	0	0	0.0
37_9	0	0	0	0	0	0	0	0.0
37_10	0	0	0	0	0	0	0	0.0
37_11	0	0	0	0	0	0	0	0.0
37_12	0	0	0	0	0	0	0	0.0
37_13	0	0	0	0	0	0	0	0.0
37_14	0	0	0	0	0	0	0	0.0
37_15	0	0	0	0	0	0	0	0.0
37_16	0	0	0	0	0	0	0	0.0
37_17	0	0	0	0	0	0	0	0.0
37_18	0	0	0	0	0	0	0	0.0
37_19	0	0	0	0	0	0	0	0.0
37_20	0	0	0	0	0	0	0	0.0
37_21	0	0	0	0	0	0	0	0.0
37_22	0	0	0	0	0	0	0	0.0
37_23	0	0	0	0	0	0	0	0.0
37_24	0	0	0	0	0	0	0	0.0
37_25	0	0	0	0	0	0	0	0.0
37_26	0	0	0	0	0	0	0	0.0
37_27	0	0	0	0	0	0	0	0.0
37_28	0	0	0	0	0	0	0	0.0
37_29	0	0	0	0	0	0	0	0.0
37_30	0	0	0	0	0	0	0	0.0
37_31	0	0	0	0	0	0	0	0.0
37_32	0	0	0	0	0	0	0	0.0
37_33	0	0	0	0	0	0	0	0.0
37_34	0	0	0	0	0	0	0	0.0
37_35	0	0	0	0	0	0	0	0.0
37_36	0	0	0	0	0	0	0	0.0
37_37	4	4	0	0	0	0	0	1.6094379124341003
37_38	4	3	0	0	1	0	0	1.6094379124341003
37_39	0	0	0	0	0	0	0	0.0
37_40	1	1	0	0	0	0	0	0.6931471805599453
37_41	5	3	0	0	2	0	0	1.791759469228055
37_42	25	18	0	0	4	0	3	3.258096538021482
37_43	3	1	0	0	2	0	0	1.3862943611198906
37_44	2	2	0	0	0	0	0	1.0986122886681098
37_45	7	6	0	0	1	0	0	2.0794415416798357
37_46	2	2	0	0	0	0	0	1.0986122886681098
37_47	2	1	0	1	0	0	0	1.0986122886681098
37_48	0	0	0	0	0	0	0	0.0
37_49	0	0	0	0	0	0	0	0.0
37_50	1	0	0	1	0	0	0	0.6931471805599453
37_51	4	4	0	0	0	0	0	1.6094379124341003
37_52	0	0	0	0	0	0	0	0.0
37_53	0	0	0	0	0	0	0	0.0
37_54	0	0	0	0	0	0	0	0.0
37_55	0	0	0	0	0	0	0	0.0
37_56	0	0	0	0	0	0	0	0.0
37_57	0	0	0	0	0	0	0	0.0
37_58	0	0	0	0	0	0	0	0.0
37_59	0	0	0	0	0	0	0	0.0
37_60	0	0	0	0	0	0	0	0.0
37_61	0	0	0	0	0	0	0	0.0
37_62	0	0	0	0	0	0	0	0.0
37_63	0	0	0	0	0	0	0	0.0
37_64	0	0	0	0	0	0	0	0.0
37_65	0	0	0	0	0	0	0	0.0
37_66	0	0	0	0	0	0	0	0.0
37_67	0	0	0	0	0	0	0	0.0
37_68	0	0	0	0	0	0	0	0.0
37_69	0	0	0	0	0	0	0	0.0
37_70	0	0	0	0	0	0	0	0.0
37_71	0	0	0	0	0	0	0	0.0
37_72	0	0	0	0	0	0	0	0.0
37_73	15	10	1	0	4	0	0	2.772588722239781
37_74	26	15	0	0	5	0	6	3.295836866004329
37_75	23	12	1	0	2	0	8	3.1780538303479458
37_76	186	109	36	6	12	1	22	5.231108616854587
37_77	291	186	47	4	27	0	27	5.676753802268282
37_78	16	8	1	1	2	0	4	2.833213344056216
37_79	0	0	0	0	0	0	0	0.0
37_80	0	0	0	0	0	0	0	0.0
37_81	1	0	0	0	0	0	1	0.6931471805599453
37_82	0	0	0	0	0	0	0	0.0
37_83	0	0	0	0	0	0	0	0.0
37_84	0	0	0	0	0	0	0	0.0
37_85	0	0	0	0	0	0	0	0.0
37_86	0	0	0	0	0	0	0	0.0
37_87	0	0	0	0	0	0	0	0.0
37_88	0	0	0	0	0	0	0	0.0
37_89	1	0	0	1	0	0	0	0.6931471805599453
37_90	0	0	0	0	0	0	0	0.0
37_91	0	0	0	0	0	0	0	0.0
37_92	0	0	0	0	0	0	0	0.0
37_93	4	2	0	0	2	0	0	1.6094379124341003
37_94	0	0	0	0	0	0	0	0.0
37_95	0	0	0	0	0	0	0	0.0
37_96	0	0	0	0	0	0	0	0.0
37_97	0	0	0	0	0	0	0	0.0
37_98	0	0	0	0	0	0	0	0.0
37_99	0	0	0	0	0	0	0	0.0
37_100	0	0	0	0	0	0	0	0.0
38_1	0	0	0	0	0	0	0	0.0
38_2	0	0	0	0	0	0	0	0.0
38_3	0	0	0	0	0	0	0	0.0
38_4	0	0	0	0	0	0	0	0.0
38_5	0	0	0	0	0	0	0	0.0
38_6	0	0	0	0	0	0	0	0.0
38_7	0	0	0	0	0	0	0	0.0
38_8	0	0	0	0	0	0	0	0.0
38_9	0	0	0	0	0	0	0	0.0
38_10	0	0	0	0	0	0	0	0.0
38_11	0	0	0	0	0	0	0	0.0
38_12	0	0	0	0	0	0	0	0.0
38_13	0	0	0	0	0	0	0	0.0
38_14	0	0	0	0	0	0	0	0.0
38_15	0	0	0	0	0	0	0	0.0
38_16	0	0	0	0	0	0	0	0.0
38_17	0	0	0	0	0	0	0	0.0
38_18	0	0	0	0	0	0	0	0.0
38_19	0	0	0	0	0	0	0	0.0
38_20	0	0	0	0	0	0	0	0.0
38_21	0	0	0	0	0	0	0	0.0
38_22	0	0	0	0	0	0	0	0.0
38_23	0	0	0	0	0	0	0	0.0
38_24	0	0	0	0	0	0	0	0.0
38_25	0	0	0	0	0	0	0	0.0
38_26	0	0	0	0	0	0	0	0.0
38_27	0	0	0	0	0	0	0	0.0
38_28	0	0	0	0	0	0	0	0.0
38_29	0	0	0	0	0	0	0	0.0
38_30	0	0	0	0	0	0	0	0.0
38_31	0	0	0	0	0	0	0	0.0
38_32	0	0	0	0	0	0	0	0.0
38_33	0	0	0	0	0	0	0	0.0
38_34	0	0	0	0	0	0	0	0.0
38_35	0	0	0	0	0	0	0	0.0
38_36	0	0	0	0	0	0	0	0.0
38_37	1	1	0	0	0	0	0	0.6931471805599453
38_38	1	1	0	0	0	0	0	0.6931471805599453
38_39	3	3	0	0	0	0	0	1.3862943611198906
38_40	0	0	0	0	0	0	0	0.0
38_41	0	0	0	0	0	0	0	0.0
38_42	1	0	0	1	0	0	0	0.6931471805599453
38_43	21	16	1	1	1	0	2	3.091042453358316
38_44	34	22	9	0	2	0	1	3.5553480614894135
38_45	21	15	1	0	3	0	2	3.091042453358316
38_46	0	0	0	0	0	0	0	0.0
38_47	3	2	0	1	0	0	0	1.3862943611198906
38_48	0	0	0	0	0	0	0	0.0
38_49	0	0	0	0	0	0	0	0.0
38_50	0	0	0	0	0	0	0	0.0
38_51	5	4	0	0	1	0	0	1.791759469228055
38_52	0	0	0	0	0	0	0	0.0
38_53	0	0	0	0	0	0	0	0.0
38_54	0	0	0	0	0	0	0	0.0
38_55	0	0	0	0	0	0	0	0.0
38_56	0	0	0	0	0	0	0	0.0
38_57	0	0	0	0	0	0	0	0.0
38_58	0	0	0	0	0	0	0	0.0
38_59	0	0	0	0	0	0	0	0.0
38_60	0	0	0	0	0	0	0	0.0
38_61	0	0	0	0	0	0	0	0.0
38_62	0	0	0	0	0	0	0	0.0
38_63	0	0	0	0	0	0	0	0.0
38_64	0	0	0	0	0	0	0	0.0
38_65	0	0	0	0	0	0	0	0.0
38_66	0	0	0	0	0	0	0	0.0
38_67	0	0	0	0	0	0	0	0.0
38_68	0	0	0	0	0	0	0	0.0
38_69	0	0	0	0	0	0	0	0.0
38_70	0	0	0	0	0	0	0	0.0
38_71	0	0	0	0	0	0	0	0.0
38_72	0	0	0	0	0	0	0	0.0
38_73	0	0	0	0	0	0	0	0.0
38_74	0	0	0	0	0	0	0	0.0
38_75	0	0	0	0	0	0	0	0.0
38_76	0	0	0	0	0	0	0	0.0
38_77	0	0	0	0	0	0	0	0.0
38_78	47	26	2	7	3	0	9	3.871201010907891
38_79	45	31	3	4	5	0	2	3.828641396489095
38_80	14	11	0	0	0	0	3	2.70805020110221
38_81	20	10	0	0	3	0	7	3.044522437723423
38_82	3	3	0	0	0	0	0	1.3862943611198906
38_83	2	1	0	1	0	0	0	1.0986122886681098
38_84	0	0	0	0	0	0	0	0.0
38_85	0	0	0	0	0	0	0	0.0
38_86	0	0	0	0	0	0	0	0.0
38_87	0	0	0	0	0	0	0	0.0
38_88	0	0	0	0	0	0	0	0.0
38_89	0	0	0	0	0	0	0	0.0
38_90	0	0	0	0	0	0	0	0.0
38_91	1	1	0	0	0	0	0	0.6931471805599453
38_92	44	5	0	36	2	0	1	3.8066624897703196
38_93	0	0	0	0	0	0	0	0.0
38_94	0	0	0	0	0	0	0	0.0
38_95	0	0	0	0	0	0	0	0.0
38_96	0	0	0	0	0	0	0	0.0
38_97	0	0	0	0	0	0	0	0.0
38_98	0	0	0	0	0	0	0	0.0
38_99	1	0	0	1	0	0	0	0.6931471805599453
38_100	0	0	0	0	0	0	0	0.0
39_1	0	0	0	0	0	0	0	0.0
39_2	0	0	0	0	0	0	0	0.0
39_3	0	0	0	0	0	0	0	0.0
39_4	0	0	0	0	0	0	0	0.0
39_5	0	0	0	0	0	0	0	0.0
39_6	0	0	0	0	0	0	0	0.0
39_7	0	0	0	0	0	0	0	0.0
39_8	0	0	0	0	0	0	0	0.0
39_9	0	0	0	0	0	0	0	0.0
39_10	0	0	0	0	0	0	0	0.0
39_11	0	0	0	0	0	0	0	0.0
39_12	0	0	0	0	0	0	0	0.0
39_13	0	0	0	0	0	0	0	0.0
39_14	0	0	0	0	0	0	0	0.0
39_15	0	0	0	0	0	0	0	0.0
39_16	0	0	0	0	0	0	0	0.0
39_17	0	0	0	0	0	0	0	0.0
39_18	0	0	0	0	0	0	0	0.0
39_19	0	0	0	0	0	0	0	0.0
39_20	0	0	0	0	0	0	0	0.0
39_21	0	0	0	0	0	0	0	0.0
39_22	0	0	0	0	0	0	0	0.0
39_23	0	0	0	0	0	0	0	0.0
39_24	0	0	0	0	0	0	0	0.0
39_25	0	0	0	0	0	0	0	0.0
39_26	0	0	0	0	0	0	0	0.0
39_27	0	0	0	0	0	0	0	0.0
39_28	0	0	0	0	0	0	0	0.0
39_29	0	0	0	0	0	0	0	0.0
39_30	0	0	0	0	0	0	0	0.0
39_31	0	0	0	0	0	0	0	0.0
39_32	0	0	0	0	0	0	0	0.0
39_33	0	0	0	0	0	0	0	0.0
39_34	0	0	0	0	0	0	0	0.0
39_35	0	0	0	0	0	0	0	0.0
39_36	0	0	0	0	0	0	0	0.0
39_37	11	10	0	0	1	0	0	2.4849066497880004
39_38	20	15	2	0	3	0	0	3.044522437723423
39_39	4	4	0	0	0	0	0	1.6094379124341003
39_40	2	2	0	0	0	0	0	1.0986122886681098
39_41	2	2	0	0	0	0	0	1.0986122886681098
39_42	0	0	0	0	0	0	0	0.0
39_43	2	2	0	0	0	0	0	1.0986122886681098
39_44	28	17	1	0	10	0	0	3.367295829986474
39_45	4	4	0	0	0	0	0	1.6094379124341003
39_46	3	2	1	0	0	0	0	1.3862943611198906
39_47	0	0	0	0	0	0	0	0.0
39_48	0	0	0	0	0	0	0	0.0
39_49	0	0	0	0	0	0	0	0.0
39_50	0	0	0	0	0	0	0	0.0
39_51	1	1	0	0	0	0	0	0.6931471805599453
39_52	0	0	0	0	0	0	0	0.0
39_53	0	0	0	0	0	0	0	0.0
39_54	0	0	0	0	0	0	0	0.0
39_55	0	0	0	0	0	0	0	0.0
39_56	0	0	0	0	0	0	0	0.0
39_57	0	0	0	0	0	0	0	0.0
39_58	0	0	0	0	0	0	0	0.0
39_59	0	0	0	0	0	0	0	0.0
39_60	0	0	0	0	0	0	0	0.0
39_61	0	0	0	0	0	0	0	0.0
39_62	0	0	0	0	0	0	0	0.0
39_63	0	0	0	0	0	0	0	0.0
39_64	0	0	0	0	0	0	0	0.0
39_65	0	0	0	0	0	0	0	0.0
39_66	0	0	0	0	0	0	0	0.0
39_67	0	0	0	0	0	0	0	0.0
39_68	0	0	0	0	0	0	0	0.0
39_69	0	0	0	0	0	0	0	0.0
39_70	0	0	0	0	0	0	0	0.0
39_71	0	0	0	0	0	0	0	0.0
39_72	0	0	0	0	0	0	0	0.0
39_73	0	0	0	0	0	0	0	0.0
39_74	0	0	0	0	0	0	0	0.0
39_75	0	0	0	0	0	0	0	0.0
39_76	0	0	0	0	0	0	0	0.0
39_77	0	0	0	0	0	0	0	0.0
39_78	0	0	0	0	0	0	0	0.0
39_79	0	0	0	0	0	0	0	0.0
39_80	0	0	0	0	0	0	0	0.0
39_81	0	0	0	0	0	0	0	0.0
39_82	0	0	0	0	0	0	0	0.0
39_83	7	3	0	4	0	0	0	2.0794415416798357
39_84	0	0	0	0	0	0	0	0.0
39_85	12	5	0	3	0	0	4	2.5649493574615367
39_86	1	1	0	0	0	0	0	0.6931471805599453
39_87	0	0	0	0	0	0	0	0.0
39_88	0	0	0	0	0	0	0	0.0
39_89	0	0	0	0	0	0	0	0.0
39_90	0	0	0	0	0	0	0	0.0
39_91	1	0	0	1	0	0	0	0.6931471805599453
39_92	4	2	0	0	2	0	0	1.6094379124341003
39_93	0	0	0	0	0	0	0	0.0
39_94	0	0	0	0	0	0	0	0.0
39_95	0	0	0	0	0	0	0	0.0
39_96	0	0	0	0	0	0	0	0.0
39_97	0	0	0	0	0	0	0	0.0
39_98	0	0	0	0	0	0	0	0.0
39_99	2	1	0	1	0	0	0	1.0986122886681098
39_100	0	0	0	0	0	0	0	0.0
40_1	0	0	0	0	0	0	0	0.0
40_2	0	0	0	0	0	0	0	0.0
40_3	0	0	0	0	0	0	0	0.0
40_4	0	0	0	0	0	0	0	0.0
40_5	0	0	0	0	0	0	0	0.0
40_6	0	0	0	0	0	0	0	0.0
40_7	0	0	0	0	0	0	0	0.0
40_8	0	0	0	0	0	0	0	0.0
40_9	0	0	0	0	0	0	0	0.0
40_10	0	0	0	0	0	0	0	0.0
40_11	0	0	0	0	0	0	0	0.0
40_12	0	0	0	0	0	0	0	0.0
40_13	0	0	0	0	0	0	0	0.0
40_14	0	0	0	0	0	0	0	0.0
40_15	0	0	0	0	0	0	0	0.0
40_16	0	0	0	0	0	0	0	0.0
40_17	0	0	0	0	0	0	0	0.0
40_18	0	0	0	0	0	0	0	0.0
40_19	0	0	0	0	0	0	0	0.0
40_20	0	0	0	0	0	0	0	0.0
40_21	0	0	0	0	0	0	0	0.0
40_22	0	0	0	0	0	0	0	0.0
40_23	0	0	0	0	0	0	0	0.0
40_24	0	0	0	0	0	0	0	0.0
40_25	0	0	0	0	0	0	0	0.0
40_26	0	0	0	0	0	0	0	0.0
40_27	0	0	0	0	0	0	0	0.0
40_28	0	0	0	0	0	0	0	0.0
40_29	0	0	0	0	0	0	0	0.0
40_30	0	0	0	0	0	0	0	0.0
40_31	0	0	0	0	0	0	0	0.0
40_32	0	0	0	0	0	0	0	0.0
40_33	0	0	0	0	0	0	0	0.0
40_34	0	0	0	0	0	0	0	0.0
40_35	0	0	0	0	0	0	0	0.0
40_36	5	4	0	0	1	0	0	1.791759469228055
40_37	5	3	0	0	2	0	0	1.791759469228055
40_38	13	12	0	1	0	0	0	2.6390573296152584
40_39	15	12	0	0	1	0	2	2.772588722239781
40_40	3	3	0	0	0	0	0	1.3862943611198906
40_41	0	0	0	0	0	0	0	0.0
40_42	0	0	0	0	0	0	0	0.0
40_43	1	0	0	0	1	0	0	0.6931471805599453
40_44	1	1	0	0	0	0	0	0.6931471805599453
40_45	17	11	1	0	2	0	3	2.8903717578961645
40_46	20	13	2	0	2	3	0	3.044522437723423
40_47	25	10	2	1	12	0	0	3.258096538021482
40_48	53	14	1	38	0	0	0	3.9889840465642745
40_49	0	0	0	0	0	0	0	0.0
40_50	0	0	0	0	0	0	0	0.0
40_51	1	0	0	1	0	0	0	0.6931471805599453
40_52	0	0	0	0	0	0	0	0.0
40_53	0	0	0	0	0	0	0	0.0
40_54	0	0	0	0	0	0	0	0.0
40_55	0	0	0	0	0	0	0	0.0
40_56	0	0	0	0	0	0	0	0.0
40_57	0	0	0	0	0	0	0	0.0
40_58	0	0	0	0	0	0	0	0.0
40_59	0	0	0	0	0	0	0	0.0
40_60	0	0	0	0	0	0	0	0.0
40_61	0	0	0	0	0	0	0	0.0
40_62	0	0	0	0	0	0	0	0.0
40_63	0	0	0	0	0	0	0	0.0
40_64	0	0	0	0	0	0	0	0.0
40_65	0	0	0	0	0	0	0	0.0
40_66	0	0	0	0	0	0	0	0.0
40_67	0	0	0	0	0	0	0	0.0
40_68	0	0	0	0	0	0	0	0.0
40_69	0	0	0	0	0	0	0	0.0
40_70	0	0	0	0	0	0	0	0.0
40_71	0	0	0	0	0	0	0	0.0
40_72	0	0	0	0	0	0	0	0.0
40_73	0	0	0	0	0	0	0	0.0
40_74	0	0	0	0	0	0	0	0.0
40_75	0	0	0	0	0	0	0	0.0
40_76	0	0	0	0	0	0	0	0.0
40_77	0	0	0	0	0	0	0	0.0
40_78	0	0	0	0	0	0	0	0.0
40_79	0	0	0	0	0	0	0	0.0
40_80	0	0	0	0	0	0	0	0.0
40_81	0	0	0	0	0	0	0	0.0
40_82	0	0	0	0	0	0	0	0.0
40_83	0	0	0	0	0	0	0	0.0
40_84	0	0	0	0	0	0	0	0.0
40_85	0	0	0	0	0	0	0	0.0
40_86	2	2	0	0	0	0	0	1.0986122886681098
40_87	0	0	0	0	0	0	0	0.0
40_88	19	14	0	0	1	0	4	2.995732273553991
40_89	23	15	3	4	1	0	0	3.1780538303479458
40_90	2	1	0	0	1	0	0	1.0986122886681098
40_91	21	15	2	1	3	0	0	3.091042453358316
40_92	112	86	2	8	13	0	3	4.727387818712341
40_93	3	3	0	0	0	0	0	1.3862943611198906
40_94	0	0	0	0	0	0	0	0.0
40_95	0	0	0	0	0	0	0	0.0
40_96	1	1	0	0	0	0	0	0.6931471805599453
40_97	0	0	0	0	0	0	0	0.0
40_98	5	3	0	0	2	0	0	1.791759469228055
40_99	0	0	0	0	0	0	0	0.0
40_100	0	0	0	0	0	0	0	0.0
41_1	0	0	0	0	0	0	0	0.0
41_2	0	0	0	0	0	0	0	0.0
41_3	0	0	0	0	0	0	0	0.0
41_4	0	0	0	0	0	0	0	0.0
41_5	0	0	0	0	0	0	0	0.0
41_6	0	0	0	0	0	0	0	0.0
41_7	0	0	0	0	0	0	0	0.0
41_8	0	0	0	0	0	0	0	0.0
41_9	0	0	0	0	0	0	0	0.0
41_10	0	0	0	0	0	0	0	0.0
41_11	0	0	0	0	0	0	0	0.0
41_12	0	0	0	0	0	0	0	0.0
41_13	0	0	0	0	0	0	0	0.0
41_14	0	0	0	0	0	0	0	0.0
41_15	0	0	0	0	0	0	0	0.0
41_16	0	0	0	0	0	0	0	0.0
41_17	0	0	0	0	0	0	0	0.0
41_18	0	0	0	0	0	0	0	0.0
41_19	0	0	0	0	0	0	0	0.0
41_20	0	0	0	0	0	0	0	0.0
41_21	0	0	0	0	0	0	0	0.0
41_22	0	0	0	0	0	0	0	0.0
41_23	0	0	0	0	0	0	0	0.0
41_24	0	0	0	0	0	0	0	0.0
41_25	0	0	0	0	0	0	0	0.0
41_26	0	0	0	0	0	0	0	0.0
41_27	0	0	0	0	0	0	0	0.0
41_28	0	0	0	0	0	0	0	0.0
41_29	0	0	0	0	0	0	0	0.0
41_30	0	0	0	0	0	0	0	0.0
41_31	0	0	0	0	0	0	0	0.0
41_32	0	0	0	0	0	0	0	0.0
41_33	0	0	0	0	0	0	0	0.0
41_34	0	0	0	0	0	0	0	0.0
41_35	0	0	0	0	0	0	0	0.0
41_36	0	0	0	0	0	0	0	0.0
41_37	2	2	0	0	0	0	0	1.0986122886681098
41_38	1	1	0	0	0	0	0	0.6931471805599453
41_39	1	0	1	0	0	0	0	0.6931471805599453
41_40	0	0	0	0	0	0	0	0.0
41_41	0	0	0	0	0	0	0	0.0
41_42	0	0	0	0	0	0	0	0.0
41_43	4	4	0	0	0	0	0	1.6094379124341003
41_44	4	3	0	0	1	0	0	1.6094379124341003
41_45	5	4	0	0	1	0	0	1.791759469228055
41_46	41	26	7	2	5	1	0	3.7376696182833684
41_47	204	133	17	5	27	6	16	5.3230099791384085
41_48	27	22	1	0	4	0	0	3.332204510175204
41_49	2	1	0	0	1	0	0	1.0986122886681098
41_50	0	0	0	0	0	0	0	0.0
41_51	11	11	0	0	0	0	0	2.4849066497880004
41_52	0	0	0	0	0	0	0	0.0
41_53	0	0	0	0	0	0	0	0.0
41_54	0	0	0	0	0	0	0	0.0
41_55	0	0	0	0	0	0	0	0.0
41_56	0	0	0	0	0	0	0	0.0
41_57	0	0	0	0	0	0	0	0.0
41_58	0	0	0	0	0	0	0	0.0
41_59	0	0	0	0	0	0	0	0.0
41_60	0	0	0	0	0	0	0	0.0
41_61	0	0	0	0	0	0	0	0.0
41_62	0	0	0	0	0	0	0	0.0
41_63	0	0	0	0	0	0	0	0.0
41_64	0	0	0	0	0	0	0	0.0
41_65	0	0	0	0	0	0	0	0.0
41_66	0	0	0	0	0	0	0	0.0
41_67	0	0	0	0	0	0	0	0.0
41_68	0	0	0	0	0	0	0	0.0
41_69	0	0	0	0	0	0	0	0.0
41_70	0	0	0	0	0	0	0	0.0
41_71	0	0	0	0	0	0	0	0.0
41_72	0	0	0	0	0	0	0	0.0
41_73	0	0	0	0	0	0	0	0.0
41_74	0	0	0	0	0	0	0	0.0
41_75	0	0	0	0	0	0	0	0.0
41_76	0	0	0	0	0	0	0	0.0
41_77	0	0	0	0	0	0	0	0.0
41_78	0	0	0	0	0	0	0	0.0
41_79	0	0	0	0	0	0	0	0.0
41_80	0	0	0	0	0	0	0	0.0
41_81	0	0	0	0	0	0	0	0.0
41_82	0	0	0	0	0	0	0	0.0
41_83	0	0	0	0	0	0	0	0.0
41_84	0	0	0	0	0	0	0	0.0
41_85	0	0	0	0	0	0	0	0.0
41_86	0	0	0	0	0	0	0	0.0
41_87	0	0	0	0	0	0	0	0.0
41_88	0	0	0	0	0	0	0	0.0
41_89	13	11	2	0	0	0	0	2.6390573296152584
41_90	59	33	2	17	7	0	0	4.0943445622221
41_91	131	70	16	8	16	1	20	4.882801922586371
41_92	145	52	12	16	7	4	54	4.983606621708336
41_93	17	7	2	0	5	0	3	2.8903717578961645
41_94	3	3	0	0	0	0	0	1.3862943611198906
41_95	6	3	0	1	2	0	0	1.9459101490553132
41_96	2	1	0	0	1	0	0	1.0986122886681098
41_97	0	0	0	0	0	0	0	0.0
41_98	0	0	0	0	0	0	0	0.0
41_99	0	0	0	0	0	0	0	0.0
41_100	0	0	0	0	0	0	0	0.0
42_1	0	0	0	0	0	0	0	0.0
42_2	0	0	0	0	0	0	0	0.0
42_3	0	0	0	0	0	0	0	0.0
42_4	0	0	0	0	0	0	0	0.0
42_5	0	0	0	0	0	0	0	0.0
42_6	0	0	0	0	0	0	0	0.0
42_7	0	0	0	0	0	0	0	0.0
42_8	0	0	0	0	0	0	0	0.0
42_9	0	0	0	0	0	0	0	0.0
42_10	0	0	0	0	0	0	0	0.0
42_11	0	0	0	0	0	0	0	0.0
42_12	0	0	0	0	0	0	0	0.0
42_13	0	0	0	0	0	0	0	0.0
42_14	0	0	0	0	0	0	0	0.0
42_15	0	0	0	0	0	0	0	0.0
42_16	0	0	0	0	0	0	0	0.0
42_17	0	0	0	0	0	0	0	0.0
42_18	0	0	0	0	0	0	0	0.0
42_19	0	0	0	0	0	0	0	0.0
42_20	0	0	0	0	0	0	0	0.0
42_21	0	0	0	0	0	0	0	0.0
42_22	0	0	0	0	0	0	0	0.0
42_23	0	0	0	0	0	0	0	0.0
42_24	0	0	0	0	0	0	0	0.0
42_25	0	0	0	0	0	0	0	0.0
42_26	0	0	0	0	0	0	0	0.0
42_27	0	0	0	0	0	0	0	0.0
42_28	0	0	0	0	0	0	0	0.0
42_29	0	0	0	0	0	0	0	0.0
42_30	0	0	0	0	0	0	0	0.0
42_31	0	0	0	0	0	0	0	0.0
42_32	0	0	0	0	0	0	0	0.0
42_33	0	0	0	0	0	0	0	0.0
42_34	0	0	0	0	0	0	0	0.0
42_35	22	18	0	0	4	0	0	3.1354942159291497
42_36	24	20	0	1	3	0	0	3.2188758248682006
42_37	0	0	0	0	0	0	0	0.0
42_38	2	0	2	0	0	0	0	1.0986122886681098
42_39	2	2	0	0	0	0	0	1.0986122886681098
42_40	10	8	0	0	2	0	0	2.3978952727983707
42_41	1	1	0	0	0	0	0	0.6931471805599453
42_42	2	2	0	0	0	0	0	1.0986122886681098
42_43	32	22	3	0	2	0	5	3.4965075614664802
42_44	9	5	2	0	2	0	0	2.302585092994046
42_45	1	0	0	0	1	0	0	0.6931471805599453
42_46	28	26	2	0	0	0	0	3.367295829986474
42_47	29	18	6	0	5	0	0	3.4011973816621555
42_48	5	1	0	0	1	3	0	1.791759469228055
42_49	3	2	1	0	0	0	0	1.3862943611198906
42_50	2	2	0	0	0	0	0	1.0986122886681098
42_51	1	1	0	0	0	0	0	0.6931471805599453
42_52	0	0	0	0	0	0	0	0.0
42_53	0	0	0	0	0	0	0	0.0
42_54	0	0	0	0	0	0	0	0.0
42_55	0	0	0	0	0	0	0	0.0
42_56	0	0	0	0	0	0	0	0.0
42_57	0	0	0	0	0	0	0	0.0
42_58	0	0	0	0	0	0	0	0.0
42_59	0	0	0	0	0	0	0	0.0
42_60	0	0	0	0	0	0	0	0.0
42_61	0	0	0	0	0	0	0	0.0
42_62	0	0	0	0	0	0	0	0.0
42_63	0	0	0	0	0	0	0	0.0
42_64	0	0	0	0	0	0	0	0.0
42_65	0	0	0	0	0	0	0	0.0
42_66	0	0	0	0	0	0	0	0.0
42_67	0	0	0	0	0	0	0	0.0
42_68	0	0	0	0	0	0	0	0.0
42_69	0	0	0	0	0	0	0	0.0
42_70	0	0	0	0	0	0	0	0.0
42_71	0	0	0	0	0	0	0	0.0
42_72	0	0	0	0	0	0	0	0.0
42_73	0	0	0	0	0	0	0	0.0
42_74	0	0	0	0	0	0	0	0.0
42_75	0	0	0	0	0	0	0	0.0
42_76	0	0	0	0	0	0	0	0.0
42_77	0	0	0	0	0	0	0	0.0
42_78	0	0	0	0	0	0	0	0.0
42_79	0	0	0	0	0	0	0	0.0
42_80	0	0	0	0	0	0	0	0.0
42_81	0	0	0	0	0	0	0	0.0
42_82	0	0	0	0	0	0	0	0.0
42_83	0	0	0	0	0	0	0	0.0
42_84	0	0	0	0	0	0	0	0.0
42_85	0	0	0	0	0	0	0	0.0
42_86	0	0	0	0	0	0	0	0.0
42_87	0	0	0	0	0	0	0	0.0
42_88	0	0	0	0	0	0	0	0.0
42_89	0	0	0	0	0	0	0	0.0
42_90	0	0	0	0	0	0	0	0.0
42_91	0	0	0	0	0	0	0	0.0
42_92	8	3	2	1	0	0	2	2.1972245773362196
42_93	15	6	1	1	2	0	5	2.772588722239781
42_94	20	7	1	0	3	0	9	3.044522437723423
42_95	7	3	0	0	2	0	2	2.0794415416798357
42_96	0	0	0	0	0	0	0	0.0
42_97	0	0	0	0	0	0	0	0.0
42_98	0	0	0	0	0	0	0	0.0
42_99	0	0	0	0	0	0	0	0.0
42_100	3	3	0	0	0	0	0	1.3862943611198906
43_1	0	0	0	0	0	0	0	0.0
43_2	0	0	0	0	0	0	0	0.0
43_3	0	0	0	0	0	0	0	0.0
43_4	0	0	0	0	0	0	0	0.0
43_5	0	0	0	0	0	0	0	0.0
43_6	0	0	0	0	0	0	0	0.0
43_7	0	0	0	0	0	0	0	0.0
43_8	0	0	0	0	0	0	0	0.0
43_9	0	0	0	0	0	0	0	0.0
43_10	0	0	0	0	0	0	0	0.0
43_11	0	0	0	0	0	0	0	0.0
43_12	0	0	0	0	0	0	0	0.0
43_13	0	0	0	0	0	0	0	0.0
43_14	0	0	0	0	0	0	0	0.0
43_15	0	0	0	0	0	0	0	0.0
43_16	0	0	0	0	0	0	0	0.0
43_17	0	0	0	0	0	0	0	0.0
43_18	0	0	0	0	0	0	0	0.0
43_19	0	0	0	0	0	0	0	0.0
43_20	0	0	0	0	0	0	0	0.0
43_21	0	0	0	0	0	0	0	0.0
43_22	0	0	0	0	0	0	0	0.0
43_23	0	0	0	0	0	0	0	0.0
43_24	0	0	0	0	0	0	0	0.0
43_25	0	0	0	0	0	0	0	0.0
43_26	0	0	0	0	0	0	0	0.0
43_27	0	0	0	0	0	0	0	0.0
43_28	0	0	0	0	0	0	0	0.0
43_29	0	0	0	0	0	0	0	0.0
43_30	0	0	0	0	0	0	0	0.0
43_31	0	0	0	0	0	0	0	0.0
43_32	0	0	0	0	0	0	0	0.0
43_33	0	0	0	0	0	0	0	0.0
43_34	0	0	0	0	0	0	0	0.0
43_35	9	8	0	1	0	0	0	2.302585092994046
43_36	0	0	0	0	0	0	0	0.0
43_37	2	0	0	0	2	0	0	1.0986122886681098
43_38	4	4	0	0	0	0	0	1.6094379124341003
43_39	0	0	0	0	0	0	0	0.0
43_40	0	0	0	0	0	0	0	0.0
43_41	0	0	0	0	0	0	0	0.0
43_42	14	11	0	0	1	0	2	2.70805020110221
43_43	0	0	0	0	0	0	0	0.0
43_44	9	4	0	4	1	0	0	2.302585092994046
43_45	91	49	8	13	10	0	11	4.5217885770490405
43_46	5	4	0	0	1	0	0	1.791759469228055
43_47	0	0	0	0	0	0	0	0.0
43_48	0	0	0	0	0	0	0	0.0
43_49	3	2	0	0	1	0	0	1.3862943611198906
43_50	0	0	0	0	0	0	0	0.0
43_51	4	3	0	1	0	0	0	1.6094379124341003
43_52	0	0	0	0	0	0	0	0.0
43_53	0	0	0	0	0	0	0	0.0
43_54	0	0	0	0	0	0	0	0.0
43_55	0	0	0	0	0	0	0	0.0
43_56	0	0	0	0	0	0	0	0.0
43_57	0	0	0	0	0	0	0	0.0
43_58	0	0	0	0	0	0	0	0.0
43_59	0	0	0	0	0	0	0	0.0
43_60	0	0	0	0	0	0	0	0.0
43_61	0	0	0	0	0	0	0	0.0
43_62	0	0	0	0	0	0	0	0.0
43_63	0	0	0	0	0	0	0	0.0
43_64	0	0	0	0	0	0	0	0.0
43_65	0	0	0	0	0	0	0	0.0
43_66	0	0	0	0	0	0	0	0.0
43_67	0	0	0	0	0	0	0	0.0
43_68	0	0	0	0	0	0	0	0.0
43_69	0	0	0	0	0	0	0	0.0
43_70	0	0	0	0	0	0	0	0.0
43_71	0	0	0	0	0	0	0	0.0
43_72	0	0	0	0	0	0	0	0.0
43_73	0	0	0	0	0	0	0	0.0
43_74	0	0	0	0	0	0	0	0.0
43_75	0	0	0	0	0	0	0	0.0
43_76	0	0	0	0	0	0	0	0.0
43_77	0	0	0	0	0	0	0	0.0
43_78	0	0	0	0	0	0	0	0.0
43_79	0	0	0	0	0	0	0	0.0
43_80	0	0	0	0	0	0	0	0.0
43_81	0	0	0	0	0	0	0	0.0
43_82	0	0	0	0	0	0	0	0.0
43_83	0	0	0	0	0	0	0	0.0
43_84	0	0	0	0	0	0	0	0.0
43_85	0	0	0	0	0	0	0	0.0
43_86	0	0	0	0	0	0	0	0.0
43_87	0	0	0	0	0	0	0	0.0
43_88	0	0	0	0	0	0	0	0.0
43_89	0	0	0	0	0	0	0	0.0
43_90	0	0	0	0	0	0	0	0.0
43_91	0	0	0	0	0	0	0	0.0
43_92	0	0	0	0	0	0	0	0.0
43_93	0	0	0	0	0	0	0	0.0
43_94	0	0	0	0	0	0	0	0.0
43_95	10	1	0	0	0	0	9	2.3978952727983707
43_96	2	0	1	0	0	0	1	1.0986122886681098
43_97	6	4	0	0	2	0	0	1.9459101490553132
43_98	1	1	0	0	0	0	0	0.6931471805599453
43_99	0	0	0	0	0	0	0	0.0
43_100	4	2	0	0	2	0	0	1.6094379124341003
44_1	0	0	0	0	0	0	0	0.0
44_2	0	0	0	0	0	0	0	0.0
44_3	0	0	0	0	0	0	0	0.0
44_4	0	0	0	0	0	0	0	0.0
44_5	0	0	0	0	0	0	0	0.0
44_6	0	0	0	0	0	0	0	0.0
44_7	0	0	0	0	0	0	0	0.0
44_8	0	0	0	0	0	0	0	0.0
44_9	0	0	0	0	0	0	0	0.0
44_10	0	0	0	0	0	0	0	0.0
44_11	0	0	0	0	0	0	0	0.0
44_12	0	0	0	0	0	0	0	0.0
44_13	0	0	0	0	0	0	0	0.0
44_14	0	0	0	0	0	0	0	0.0
44_15	0	0	0	0	0	0	0	0.0
44_16	0	0	0	0	0	0	0	0.0
44_17	0	0	0	0	0	0	0	0.0
44_18	0	0	0	0	0	0	0	0.0
44_19	0	0	0	0	0	0	0	0.0
44_20	0	0	0	0	0	0	0	0.0
44_21	0	0	0	0	0	0	0	0.0
44_22	0	0	0	0	0	0	0	0.0
44_23	0	0	0	0	0	0	0	0.0
44_24	0	0	0	0	0	0	0	0.0
44_25	0	0	0	0	0	0	0	0.0
44_26	0	0	0	0	0	0	0	0.0
44_27	0	0	0	0	0	0	0	0.0
44_28	0	0	0	0	0	0	0	0.0
44_29	0	0	0	0	0	0	0	0.0
44_30	0	0	0	0	0	0	0	0.0
44_31	0	0	0	0	0	0	0	0.0
44_32	0	0	0	0	0	0	0	0.0
44_33	0	0	0	0	0	0	0	0.0
44_34	0	0	0	0	0	0	0	0.0
44_35	23	14	4	3	2	0	0	3.1780538303479458
44_36	0	0	0	0	0	0	0	0.0
44_37	2	2	0	0	0	0	0	1.0986122886681098
44_38	2	0	0	0	0	0	2	1.0986122886681098
44_39	0	0	0	0	0	0	0	0.0
44_40	2	1	0	1	0	0	0	1.0986122886681098
44_41	15	9	2	0	1	0	3	2.772588722239781
44_42	3	2	0	0	1	0	0	1.3862943611198906
44_43	0	0	0	0	0	0	0	0.0
44_44	9	2	0	6	1	0	0	2.302585092994046
44_45	9	7	0	1	1	0	0	2.302585092994046
44_46	5	4	0	0	1	0	0	1.791759469228055
44_47	2	1	0	1	0	0	0	1.0986122886681098
44_48	1	1	0	0	0	0	0	0.6931471805599453
44_49	0	0	0	0	0	0	0	0.0
44_50	2	1	0	0	0	1	0	1.0986122886681098
44_51	2	1	0	0	1	0	0	1.0986122886681098
44_52	0	0	0	0	0	0	0	0.0
44_53	0	0	0	0	0	0	0	0.0
44_54	0	0	0	0	0	0	0	0.0
44_55	0	0	0	0	0	0	0	0.0
44_56	0	0	0	0	0	0	0	0.0
44_57	0	0	0	0	0	0	0	0.0
44_58	0	0	0	0	0	0	0	0.0
44_59	0	0	0	0	0	0	0	0.0
44_60	0	0	0	0	0	0	0	0.0
44_61	0	0	0	0	0	0	0	0.0
44_62	0	0	0	0	0	0	0	0.0
44_63	0	0	0	0	0	0	0	0.0
44_64	0	0	0	0	0	0	0	0.0
44_65	0	0	0	0	0	0	0	0.0
44_66	0	0	0	0	0	0	0	0.0
44_67	0	0	0	0	0	0	0	0.0
44_68	0	0	0	0	0	0	0	0.0
44_69	0	0	0	0	0	0	0	0.0
44_70	0	0	0	0	0	0	0	0.0
44_71	0	0	0	0	0	0	0	0.0
44_72	0	0	0	0	0	0	0	0.0
44_73	0	0	0	0	0	0	0	0.0
44_74	0	0	0	0	0	0	0	0.0
44_75	0	0	0	0	0	0	0	0.0
44_76	0	0	0	0	0	0	0	0.0
44_77	0	0	0	0	0	0	0	0.0
44_78	0	0	0	0	0	0	0	0.0
44_79	0	0	0	0	0	0	0	0.0
44_80	0	0	0	0	0	0	0	0.0
44_81	0	0	0	0	0	0	0	0.0
44_82	0	0	0	0	0	0	0	0.0
44_83	0	0	0	0	0	0	0	0.0
44_84	0	0	0	0	0	0	0	0.0
44_85	0	0	0	0	0	0	0	0.0
44_86	0	0	0	0	0	0	0	0.0
44_87	0	0	0	0	0	0	0	0.0
44_88	0	0	0	0	0	0	0	0.0
44_89	0	0	0	0	0	0	0	0.0
44_90	0	0	0	0	0	0	0	0.0
44_91	0	0	0	0	0	0	0	0.0
44_92	0	0	0	0	0	0	0	0.0
44_93	0	0	0	0	0	0	0	0.0
44_94	0	0	0	0	0	0	0	0.0
44_95	0	0	0	0	0	0	0	0.0
44_96	0	0	0	0	0	0	0	0.0
44_97	11	3	0	1	0	0	7	2.4849066497880004
44_98	52	30	5	1	8	1	7	3.970291913552122
44_99	3	3	0	0	0	0	0	1.3862943611198906
44_100	0	0	0	0	0	0	0	0.0
45_1	0	0	0	0	0	0	0	0.0
45_2	0	0	0	0	0	0	0	0.0
45_3	0	0	0	0	0	0	0	0.0
45_4	0	0	0	0	0	0	0	0.0
45_5	0	0	0	0	0	0	0	0.0
45_6	0	0	0	0	0	0	0	0.0
45_7	0	0	0	0	0	0	0	0.0
45_8	0	0	0	0	0	0	0	0.0
45_9	0	0	0	0	0	0	0	0.0
45_10	0	0	0	0	0	0	0	0.0
45_11	0	0	0	0	0	0	0	0.0
45_12	0	0	0	0	0	0	0	0.0
45_13	0	0	0	0	0	0	0	0.0
45_14	0	0	0	0	0	0	0	0.0
45_15	0	0	0	0	0	0	0	0.0
45_16	0	0	0	0	0	0	0	0.0
45_17	0	0	0	0	0	0	0	0.0
45_18	0	0	0	0	0	0	0	0.0
45_19	0	0	0	0	0	0	0	0.0
45_20	0	0	0	0	0	0	0	0.0
45_21	0	0	0	0	0	0	0	0.0
45_22	0	0	0	0	0	0	0	0.0
45_23	0	0	0	0	0	0	0	0.0
45_24	0	0	0	0	0	0	0	0.0
45_25	0	0	0	0	0	0	0	0.0
45_26	0	0	0	0	0	0	0	0.0
45_27	0	0	0	0	0	0	0	0.0
45_28	0	0	0	0	0	0	0	0.0
45_29	0	0	0	0	0	0	0	0.0
45_30	0	0	0	0	0	0	0	0.0
45_31	0	0	0	0	0	0	0	0.0
45_32	0	0	0	0	0	0	0	0.0
45_33	0	0	0	0	0	0	0	0.0
45_34	0	0	0	0	0	0	0	0.0
45_35	0	0	0	0	0	0	0	0.0
45_36	0	0	0	0	0	0	0	0.0
45_37	0	0	0	0	0	0	0	0.0
45_38	0	0	0	0	0	0	0	0.0
45_39	0	0	0	0	0	0	0	0.0
45_40	1	0	0	1	0	0	0	0.6931471805599453
45_41	12	10	0	0	2	0	0	2.5649493574615367
45_42	12	9	3	0	0	0	0	2.5649493574615367
45_43	1	1	0	0	0	0	0	0.6931471805599453
45_44	0	0	0	0	0	0	0	0.0
45_45	2	2	0	0	0	0	0	1.0986122886681098
45_46	6	4	0	0	2	0	0	1.9459101490553132
45_47	4	1	0	1	2	0	0	1.6094379124341003
45_48	6	3	1	0	1	0	1	1.9459101490553132
45_49	36	24	0	0	10	0	2	3.6109179126442243
45_50	1	1	0	0	0	0	0	0.6931471805599453
45_51	15	12	1	2	0	0	0	2.772588722239781
45_52	0	0	0	0	0	0	0	0.0
45_53	0	0	0	0	0	0	0	0.0
45_54	0	0	0	0	0	0	0	0.0
45_55	0	0	0	0	0	0	0	0.0
45_56	0	0	0	0	0	0	0	0.0
45_57	0	0	0	0	0	0	0	0.0
45_58	0	0	0	0	0	0	0	0.0
45_59	0	0	0	0	0	0	0	0.0
45_60	0	0	0	0	0	0	0	0.0
45_61	0	0	0	0	0	0	0	0.0
45_62	0	0	0	0	0	0	0	0.0
45_63	0	0	0	0	0	0	0	0.0
45_64	0	0	0	0	0	0	0	0.0
45_65	0	0	0	0	0	0	0	0.0
45_66	0	0	0	0	0	0	0	0.0
45_67	0	0	0	0	0	0	0	0.0
45_68	0	0	0	0	0	0	0	0.0
45_69	0	0	0	0	0	0	0	0.0
45_70	0	0	0	0	0	0	0	0.0
45_71	0	0	0	0	0	0	0	0.0
45_72	0	0	0	0	0	0	0	0.0
45_73	0	0	0	0	0	0	0	0.0
45_74	0	0	0	0	0	0	0	0.0
45_75	0	0	0	0	0	0	0	0.0
45_76	0	0	0	0	0	0	0	0.0
45_77	0	0	0	0	0	0	0	0.0
45_78	0	0	0	0	0	0	0	0.0
45_79	0	0	0	0	0	0	0	0.0
45_80	0	0	0	0	0	0	0	0.0
45_81	0	0	0	0	0	0	0	0.0
45_82	0	0	0	0	0	0	0	0.0
45_83	0	0	0	0	0	0	0	0.0
45_84	0	0	0	0	0	0	0	0.0
45_85	0	0	0	0	0	0	0	0.0
45_86	0	0	0	0	0	0	0	0.0
45_87	0	0	0	0	0	0	0	0.0
45_88	0	0	0	0	0	0	0	0.0
45_89	0	0	0	0	0	0	0	0.0
45_90	0	0	0	0	0	0	0	0.0
45_91	0	0	0	0	0	0	0	0.0
45_92	0	0	0	0	0	0	0	0.0
45_93	0	0	0	0	0	0	0	0.0
45_94	0	0	0	0	0	0	0	0.0
45_95	0	0	0	0	0	0	0	0.0
45_96	0	0	0	0	0	0	0	0.0
45_97	0	0	0	0	0	0	0	0.0
45_98	5	3	0	1	0	0	1	1.791759469228055
45_99	36	18	7	8	2	0	1	3.6109179126442243
45_100	11	6	0	3	0	0	2	2.4849066497880004
46_1	0	0	0	0	0	0	0	0.0
46_2	0	0	0	0	0	0	0	0.0
46_3	0	0	0	0	0	0	0	0.0
46_4	0	0	0	0	0	0	0	0.0
46_5	0	0	0	0	0	0	0	0.0
46_6	0	0	0	0	0	0	0	0.0
46_7	0	0	0	0	0	0	0	0.0
46_8	0	0	0	0	0	0	0	0.0
46_9	0	0	0	0	0	0	0	0.0
46_10	0	0	0	0	0	0	0	0.0
46_11	0	0	0	0	0	0	0	0.0
46_12	0	0	0	0	0	0	0	0.0
46_13	0	0	0	0	0	0	0	0.0
46_14	0	0	0	0	0	0	0	0.0
46_15	0	0	0	0	0	0	0	0.0
46_16	0	0	0	0	0	0	0	0.0
46_17	0	0	0	0	0	0	0	0.0
46_18	0	0	0	0	0	0	0	0.0
46_19	0	0	0	0	0	0	0	0.0
46_20	0	0	0	0	0	0	0	0.0
46_21	0	0	0	0	0	0	0	0.0
46_22	0	0	0	0	0	0	0	0.0
46_23	0	0	0	0	0	0	0	0.0
46_24	0	0	0	0	0	0	0	0.0
46_25	0	0	0	0	0	0	0	0.0
46_26	0	0	0	0	0	0	0	0.0
46_27	0	0	0	0	0	0	0	0.0
46_28	0	0	0	0	0	0	0	0.0
46_29	0	0	0	0	0	0	0	0.0
46_30	0	0	0	0	0	0	0	0.0
46_31	0	0	0	0	0	0	0	0.0
46_32	5	0	0	0	0	5	0	1.791759469228055
46_33	11	6	0	0	0	5	0	2.4849066497880004
46_34	0	0	0	0	0	0	0	0.0
46_35	14	12	0	2	0	0	0	2.70805020110221
46_36	4	3	0	0	1	0	0	1.6094379124341003
46_37	0	0	0	0	0	0	0	0.0
46_38	0	0	0	0	0	0	0	0.0
46_39	2	2	0	0	0	0	0	1.0986122886681098
46_40	0	0	0	0	0	0	0	0.0
46_41	0	0	0	0	0	0	0	0.0
46_42	21	8	0	9	2	0	2	3.091042453358316
46_43	8	6	0	1	0	0	1	2.1972245773362196
46_44	7	5	0	1	1	0	0	2.0794415416798357
46_45	2	0	0	0	2	0	0	1.0986122886681098
46_46	1	1	0	0	0	0	0	0.6931471805599453
46_47	4	3	0	1	0	0	0	1.6094379124341003
46_48	15	10	0	1	1	1	2	2.772588722239781
46_49	18	14	0	1	0	0	3	2.9444389791664403
46_50	0	0	0	0	0	0	0	0.0
46_51	0	0	0	0	0	0	0	0.0
46_52	0	0	0	0	0	0	0	0.0
46_53	0	0	0	0	0	0	0	0.0
46_54	0	0	0	0	0	0	0	0.0
46_55	0	0	0	0	0	0	0	0.0
46_56	0	0	0	0	0	0	0	0.0
46_57	0	0	0	0	0	0	0	0.0
46_58	0	0	0	0	0	0	0	0.0
46_59	0	0	0	0	0	0	0	0.0
46_60	0	0	0	0	0	0	0	0.0
46_61	0	0	0	0	0	0	0	0.0
46_62	0	0	0	0	0	0	0	0.0
46_63	0	0	0	0	0	0	0	0.0
46_64	0	0	0	0	0	0	0	0.0
46_65	0	0	0	0	0	0	0	0.0
46_66	0	0	0	0	0	0	0	0.0
46_67	0	0	0	0	0	0	0	0.0
46_68	0	0	0	0	0	0	0	0.0
46_69	0	0	0	0	0	0	0	0.0
46_70	0	0	0	0	0	0	0	0.0
46_71	0	0	0	0	0	0	0	0.0
46_72	0	0	0	0	0	0	0	0.0
46_73	0	0	0	0	0	0	0	0.0
46_74	0	0	0	0	0	0	0	0.0
46_75	0	0	0	0	0	0	0	0.0
46_76	0	0	0	0	0	0	0	0.0
46_77	0	0	0	0	0	0	0	0.0
46_78	0	0	0	0	0	0	0	0.0
46_79	0	0	0	0	0	0	0	0.0
46_80	0	0	0	0	0	0	0	0.0
46_81	0	0	0	0	0	0	0	0.0
46_82	0	0	0	0	0	0	0	0.0
46_83	0	0	0	0	0	0	0	0.0
46_84	0	0	0	0	0	0	0	0.0
46_85	0	0	0	0	0	0	0	0.0
46_86	0	0	0	0	0	0	0	0.0
46_87	0	0	0	0	0	0	0	0.0
46_88	0	0	0	0	0	0	0	0.0
46_89	0	0	0	0	0	0	0	0.0
46_90	0	0	0	0	0	0	0	0.0
46_91	0	0	0	0	0	0	0	0.0
46_92	0	0	0	0	0	0	0	0.0
46_93	0	0	0	0	0	0	0	0.0
46_94	0	0	0	0	0	0	0	0.0
46_95	0	0	0	0	0	0	0	0.0
46_96	0	0	0	0	0	0	0	0.0
46_97	0	0	0	0	0	0	0	0.0
46_98	0	0	0	0	0	0	0	0.0
46_99	0	0	0	0	0	0	0	0.0
46_100	0	0	0	0	0	0	0	0.0
47_1	0	0	0	0	0	0	0	0.0
47_2	0	0	0	0	0	0	0	0.0
47_3	0	0	0	0	0	0	0	0.0
47_4	0	0	0	0	0	0	0	0.0
47_5	0	0	0	0	0	0	0	0.0
47_6	0	0	0	0	0	0	0	0.0
47_7	0	0	0	0	0	0	0	0.0
47_8	0	0	0	0	0	0	0	0.0
47_9	0	0	0	0	0	0	0	0.0
47_10	0	0	0	0	0	0	0	0.0
47_11	0	0	0	0	0	0	0	0.0
47_12	0	0	0	0	0	0	0	0.0
47_13	0	0	0	0	0	0	0	0.0
47_14	0	0	0	0	0	0	0	0.0
47_15	0	0	0	0	0	0	0	0.0
47_16	0	0	0	0	0	0	0	0.0
47_17	0	0	0	0	0	0	0	0.0
47_18	0	0	0	0	0	0	0	0.0
47_19	0	0	0	0	0	0	0	0.0
47_20	0	0	0	0	0	0	0	0.0
47_21	0	0	0	0	0	0	0	0.0
47_22	0	0	0	0	0	0	0	0.0
47_23	0	0	0	0	0	0	0	0.0
47_24	0	0	0	0	0	0	0	0.0
47_25	0	0	0	0	0	0	0	0.0
47_26	0	0	0	0	0	0	0	0.0
47_27	0	0	0	0	0	0	0	0.0
47_28	0	0	0	0	0	0	0	0.0
47_29	0	0	0	0	0	0	0	0.0
47_30	0	0	0	0	0	0	0	0.0
47_31	0	0	0	0	0	0	0	0.0
47_32	0	0	0	0	0	0	0	0.0
47_33	3	3	0	0	0	0	0	1.3862943611198906
47_34	5	5	0	0	0	0	0	1.791759469228055
47_35	11	10	0	0	1	0	0	2.4849066497880004
47_36	0	0	0	0	0	0	0	0.0
47_37	1	1	0	0	0	0	0	0.6931471805599453
47_38	2	2	0	0	0	0	0	1.0986122886681098
47_39	4	1	0	0	0	0	3	1.6094379124341003
47_40	0	0	0	0	0	0	0	0.0
47_41	0	0	0	0	0	0	0	0.0
47_42	0	0	0	0	0	0	0	0.0
47_43	2	2	0	0	0	0	0	1.0986122886681098
47_44	0	0	0	0	0	0	0	0.0
47_45	0	0	0	0	0	0	0	0.0
47_46	0	0	0	0	0	0	0	0.0
47_47	1	0	0	1	0	0	0	0.6931471805599453
47_48	0	0	0	0	0	0	0	0.0
47_49	0	0	0	0	0	0	0	0.0
47_50	0	0	0	0	0	0	0	0.0
47_51	5	4	0	1	0	0	0	1.791759469228055
47_52	0	0	0	0	0	0	0	0.0
47_53	0	0	0	0	0	0	0	0.0
47_54	0	0	0	0	0	0	0	0.0
47_55	0	0	0	0	0	0	0	0.0
47_56	0	0	0	0	0	0	0	0.0
47_57	0	0	0	0	0	0	0	0.0
47_58	0	0	0	0	0	0	0	0.0
47_59	0	0	0	0	0	0	0	0.0
47_60	0	0	0	0	0	0	0	0.0
47_61	0	0	0	0	0	0	0	0.0
47_62	0	0	0	0	0	0	0	0.0
47_63	0	0	0	0	0	0	0	0.0
47_64	0	0	0	0	0	0	0	0.0
47_65	0	0	0	0	0	0	0	0.0
47_66	0	0	0	0	0	0	0	0.0
47_67	0	0	0	0	0	0	0	0.0
47_68	0	0	0	0	0	0	0	0.0
47_69	0	0	0	0	0	0	0	0.0
47_70	0	0	0	0	0	0	0	0.0
47_71	0	0	0	0	0	0	0	0.0
47_72	0	0	0	0	0	0	0	0.0
47_73	0	0	0	0	0	0	0	0.0
47_74	0	0	0	0	0	0	0	0.0
47_75	0	0	0	0	0	0	0	0.0
47_76	0	0	0	0	0	0	0	0.0
47_77	0	0	0	0	0	0	0	0.0
47_78	0	0	0	0	0	0	0	0.0
47_79	0	0	0	0	0	0	0	0.0
47_80	0	0	0	0	0	0	0	0.0
47_81	0	0	0	0	0	0	0	0.0
47_82	0	0	0	0	0	0	0	0.0
47_83	0	0	0	0	0	0	0	0.0
47_84	0	0	0	0	0	0	0	0.0
47_85	0	0	0	0	0	0	0	0.0
47_86	0	0	0	0	0	0	0	0.0
47_87	0	0	0	0	0	0	0	0.0
47_88	0	0	0	0	0	0	0	0.0
47_89	0	0	0	0	0	0	0	0.0
47_90	0	0	0	0	0	0	0	0.0
47_91	0	0	0	0	0	0	0	0.0
47_92	0	0	0	0	0	0	0	0.0
47_93	0	0	0	0	0	0	0	0.0
47_94	0	0	0	0	0	0	0	0.0
47_95	0	0	0	0	0	0	0	0.0
47_96	0	0	0	0	0	0	0	0.0
47_97	0	0	0	0	0	0	0	0.0
47_98	0	0	0	0	0	0	0	0.0
47_99	0	0	0	0	0	0	0	0.0
47_100	0	0	0	0	0	0	0	0.0
48_1	0	0	0	0	0	0	0	0.0
48_2	0	0	0	0	0	0	0	0.0
48_3	0	0	0	0	0	0	0	0.0
48_4	0	0	0	0	0	0	0	0.0
48_5	0	0	0	0	0	0	0	0.0
48_6	0	0	0	0	0	0	0	0.0
48_7	0	0	0	0	0	0	0	0.0
48_8	0	0	0	0	0	0	0	0.0
48_9	0	0	0	0	0	0	0	0.0
48_10	0	0	0	0	0	0	0	0.0
48_11	0	0	0	0	0	0	0	0.0
48_12	0	0	0	0	0	0	0	0.0
48_13	0	0	0	0	0	0	0	0.0
48_14	0	0	0	0	0	0	0	0.0
48_15	0	0	0	0	0	0	0	0.0
48_16	0	0	0	0	0	0	0	0.0
48_17	0	0	0	0	0	0	0	0.0
48_18	0	0	0	0	0	0	0	0.0
48_19	0	0	0	0	0	0	0	0.0
48_20	0	0	0	0	0	0	0	0.0
48_21	0	0	0	0	0	0	0	0.0
48_22	0	0	0	0	0	0	0	0.0
48_23	0	0	0	0	0	0	0	0.0
48_24	0	0	0	0	0	0	0	0.0
48_25	0	0	0	0	0	0	0	0.0
48_26	0	0	0	0	0	0	0	0.0
48_27	0	0	0	0	0	0	0	0.0
48_28	0	0	0	0	0	0	0	0.0
48_29	0	0	0	0	0	0	0	0.0
48_30	0	0	0	0	0	0	0	0.0
48_31	0	0	0	0	0	0	0	0.0
48_32	0	0	0	0	0	0	0	0.0
48_33	3	3	0	0	0	0	0	1.3862943611198906
48_34	0	0	0	0	0	0	0	0.0
48_35	1	1	0	0	0	0	0	0.6931471805599453
48_36	0	0	0	0	0	0	0	0.0
48_37	0	0	0	0	0	0	0	0.0
48_38	0	0	0	0	0	0	0	0.0
48_39	1	0	0	0	1	0	0	0.6931471805599453
48_40	0	0	0	0	0	0	0	0.0
48_41	5	5	0	0	0	0	0	1.791759469228055
48_42	8	6	0	1	0	0	1	2.1972245773362196
48_43	2	2	0	0	0	0	0	1.0986122886681098
48_44	9	3	0	0	0	0	6	2.302585092994046
48_45	0	0	0	0	0	0	0	0.0
48_46	0	0	0	0	0	0	0	0.0
48_47	0	0	0	0	0	0	0	0.0
48_48	0	0	0	0	0	0	0	0.0
48_49	0	0	0	0	0	0	0	0.0
48_50	0	0	0	0	0	0	0	0.0
48_51	0	0	0	0	0	0	0	0.0
48_52	0	0	0	0	0	0	0	0.0
48_53	0	0	0	0	0	0	0	0.0
48_54	0	0	0	0	0	0	0	0.0
48_55	0	0	0	0	0	0	0	0.0
48_56	0	0	0	0	0	0	0	0.0
48_57	0	0	0	0	0	0	0	0.0
48_58	0	0	0	0	0	0	0	0.0
48_59	0	0	0	0	0	0	0	0.0
48_60	0	0	0	0	0	0	0	0.0
48_61	0	0	0	0	0	0	0	0.0
48_62	0	0	0	0	0	0	0	0.0
48_63	0	0	0	0	0	0	0	0.0
48_64	0	0	0	0	0	0	0	0.0
48_65	0	0	0	0	0	0	0	0.0
48_66	0	0	0	0	0	0	0	0.0
48_67	0	0	0	0	0	0	0	0.0
48_68	0	0	0	0	0	0	0	0.0
48_69	0	0	0	0	0	0	0	0.0
48_70	0	0	0	0	0	0	0	0.0
48_71	0	0	0	0	0	0	0	0.0
48_72	0	0	0	0	0	0	0	0.0
48_73	0	0	0	0	0	0	0	0.0
48_74	0	0	0	0	0	0	0	0.0
48_75	0	0	0	0	0	0	0	0.0
48_76	0	0	0	0	0	0	0	0.0
48_77	0	0	0	0	0	0	0	0.0
48_78	0	0	0	0	0	0	0	0.0
48_79	0	0	0	0	0	0	0	0.0
48_80	0	0	0	0	0	0	0	0.0
48_81	0	0	0	0	0	0	0	0.0
48_82	0	0	0	0	0	0	0	0.0
48_83	0	0	0	0	0	0	0	0.0
48_84	0	0	0	0	0	0	0	0.0
48_85	0	0	0	0	0	0	0	0.0
48_86	0	0	0	0	0	0	0	0.0
48_87	0	0	0	0	0	0	0	0.0
48_88	0	0	0	0	0	0	0	0.0
48_89	0	0	0	0	0	0	0	0.0
48_90	0	0	0	0	0	0	0	0.0
48_91	0	0	0	0	0	0	0	0.0
48_92	0	0	0	0	0	0	0	0.0
48_93	0	0	0	0	0	0	0	0.0
48_94	0	0	0	0	0	0	0	0.0
48_95	0	0	0	0	0	0	0	0.0
48_96	0	0	0	0	0	0	0	0.0
48_97	0	0	0	0	0	0	0	0.0
48_98	0	0	0	0	0	0	0	0.0
48_99	0	0	0	0	0	0	0	0.0
48_100	0	0	0	0	0	0	0	0.0
49_1	0	0	0	0	0	0	0	0.0
49_2	0	0	0	0	0	0	0	0.0
49_3	0	0	0	0	0	0	0	0.0
49_4	0	0	0	0	0	0	0	0.0
49_5	0	0	0	0	0	0	0	0.0
49_6	0	0	0	0	0	0	0	0.0
49_7	0	0	0	0	0	0	0	0.0
49_8	0	0	0	0	0	0	0	0.0
49_9	0	0	0	0	0	0	0	0.0
49_10	0	0	0	0	0	0	0	0.0
49_11	0	0	0	0	0	0	0	0.0
49_12	0	0	0	0	0	0	0	0.0
49_13	0	0	0	0	0	0	0	0.0
49_14	0	0	0	0	0	0	0	0.0
49_15	0	0	0	0	0	0	0	0.0
49_16	0	0	0	0	0	0	0	0.0
49_17	0	0	0	0	0	0	0	0.0
49_18	0	0	0	0	0	0	0	0.0
49_19	0	0	0	0	0	0	0	0.0
49_20	0	0	0	0	0	0	0	0.0
49_21	0	0	0	0	0	0	0	0.0
49_22	0	0	0	0	0	0	0	0.0
49_23	0	0	0	0	0	0	0	0.0
49_24	0	0	0	0	0	0	0	0.0
49_25	0	0	0	0	0	0	0	0.0
49_26	0	0	0	0	0	0	0	0.0
49_27	0	0	0	0	0	0	0	0.0
49_28	0	0	0	0	0	0	0	0.0
49_29	0	0	0	0	0	0	0	0.0
49_30	0	0	0	0	0	0	0	0.0
49_31	0	0	0	0	0	0	0	0.0
49_32	0	0	0	0	0	0	0	0.0
49_33	15	9	0	6	0	0	0	2.772588722239781
49_34	0	0	0	0	0	0	0	0.0
49_35	0	0	0	0	0	0	0	0.0
49_36	0	0	0	0	0	0	0	0.0
49_37	0	0	0	0	0	0	0	0.0
49_38	0	0	0	0	0	0	0	0.0
49_39	0	0	0	0	0	0	0	0.0
49_40	0	0	0	0	0	0	0	0.0
49_41	0	0	0	0	0	0	0	0.0
49_42	0	0	0	0	0	0	0	0.0
49_43	0	0	0	0	0	0	0	0.0
49_44	10	7	0	1	1	0	1	2.3978952727983707
49_45	1	0	0	1	0	0	0	0.6931471805599453
49_46	0	0	0	0	0	0	0	0.0
49_47	2	2	0	0	0	0	0	1.0986122886681098
49_48	1	1	0	0	0	0	0	0.6931471805599453
49_49	0	0	0	0	0	0	0	0.0
49_50	6	4	0	1	1	0	0	1.9459101490553132
49_51	0	0	0	0	0	0	0	0.0
49_52	2	2	0	0	0	0	0	1.0986122886681098
49_53	0	0	0	0	0	0	0	0.0
49_54	0	0	0	0	0	0	0	0.0
49_55	0	0	0	0	0	0	0	0.0
49_56	0	0	0	0	0	0	0	0.0
49_57	0	0	0	0	0	0	0	0.0
49_58	0	0	0	0	0	0	0	0.0
49_59	0	0	0	0	0	0	0	0.0
49_60	0	0	0	0	0	0	0	0.0
49_61	0	0	0	0	0	0	0	0.0
49_62	0	0	0	0	0	0	0	0.0
49_63	0	0	0	0	0	0	0	0.0
49_64	0	0	0	0	0	0	0	0.0
49_65	0	0	0	0	0	0	0	0.0
49_66	0	0	0	0	0	0	0	0.0
49_67	0	0	0	0	0	0	0	0.0
49_68	0	0	0	0	0	0	0	0.0
49_69	0	0	0	0	0	0	0	0.0
49_70	0	0	0	0	0	0	0	0.0
49_71	0	0	0	0	0	0	0	0.0
49_72	0	0	0	0	0	0	0	0.0
49_73	0	0	0	0	0	0	0	0.0
49_74	0	0	0	0	0	0	0	0.0
49_75	0	0	0	0	0	0	0	0.0
49_76	0	0	0	0	0	0	0	0.0
49_77	0	0	0	0	0	0	0	0.0
49_78	0	0	0	0	0	0	0	0.0
49_79	0	0	0	0	0	0	0	0.0
49_80	0	0	0	0	0	0	0	0.0
49_81	0	0	0	0	0	0	0	0.0
49_82	0	0	0	0	0	0	0	0.0
49_83	0	0	0	0	0	0	0	0.0
49_84	0	0	0	0	0	0	0	0.0
49_85	0	0	0	0	0	0	0	0.0
49_86	0	0	0	0	0	0	0	0.0
49_87	0	0	0	0	0	0	0	0.0
49_88	0	0	0	0	0	0	0	0.0
49_89	0	0	0	0	0	0	0	0.0
49_90	0	0	0	0	0	0	0	0.0
49_91	0	0	0	0	0	0	0	0.0
49_92	0	0	0	0	0	0	0	0.0
49_93	0	0	0	0	0	0	0	0.0
49_94	0	0	0	0	0	0	0	0.0
49_95	0	0	0	0	0	0	0	0.0
49_96	0	0	0	0	0	0	0	0.0
49_97	0	0	0	0	0	0	0	0.0
49_98	0	0	0	0	0	0	0	0.0
49_99	0	0	0	0	0	0	0	0.0
49_100	0	0	0	0	0	0	0	0.0
50_1	0	0	0	0	0	0	0	0.0
50_2	0	0	0	0	0	0	0	0.0
50_3	0	0	0	0	0	0	0	0.0
50_4	0	0	0	0	0	0	0	0.0
50_5	0	0	0	0	0	0	0	0.0
50_6	0	0	0	0	0	0	0	0.0
50_7	0	0	0	0	0	0	0	0.0
50_8	0	0	0	0	0	0	0	0.0
50_9	0	0	0	0	0	0	0	0.0
50_10	0	0	0	0	0	0	0	0.0
50_11	0	0	0	0	0	0	0	0.0
50_12	0	0	0	0	0	0	0	0.0
50_13	0	0	0	0	0	0	0	0.0
50_14	0	0	0	0	0	0	0	0.0
50_15	0	0	0	0	0	0	0	0.0
50_16	0	0	0	0	0	0	0	0.0
50_17	0	0	0	0	0	0	0	0.0
50_18	0	0	0	0	0	0	0	0.0
50_19	0	0	0	0	0	0	0	0.0
50_20	0	0	0	0	0	0	0	0.0
50_21	0	0	0	0	0	0	0	0.0
50_22	0	0	0	0	0	0	0	0.0
50_23	0	0	0	0	0	0	0	0.0
50_24	0	0	0	0	0	0	0	0.0
50_25	0	0	0	0	0	0	0	0.0
50_26	0	0	0	0	0	0	0	0.0
50_27	0	0	0	0	0	0	0	0.0
50_28	0	0	0	0	0	0	0	0.0
50_29	0	0	0	0	0	0	0	0.0
50_30	0	0	0	0	0	0	0	0.0
50_31	0	0	0	0	0	0	0	0.0
50_32	0	0	0	0	0	0	0	0.0
50_33	1	1	0	0	0	0	0	0.6931471805599453
50_34	7	4	0	1	2	0	0	2.0794415416798357
50_35	0	0	0	0	0	0	0	0.0
50_36	0	0	0	0	0	0	0	0.0
50_37	0	0	0	0	0	0	0	0.0
50_38	0	0	0	0	0	0	0	0.0
50_39	0	0	0	0	0	0	0	0.0
50_40	0	0	0	0	0	0	0	0.0
50_41	0	0	0	0	0	0	0	0.0
50_42	0	0	0	0	0	0	0	0.0
50_43	1	1	0	0	0	0	0	0.6931471805599453
50_44	202	132	22	11	12	11	14	5.313205979041787
50_45	28	14	0	4	10	0	0	3.367295829986474
50_46	14	11	0	2	0	0	1	2.70805020110221
50_47	1	1	0	0	0	0	0	0.6931471805599453
50_48	0	0	0	0	0	0	0	0.0
50_49	3	2	0	0	0	0	1	1.3862943611198906
50_50	0	0	0	0	0	0	0	0.0
50_51	0	0	0	0	0	0	0	0.0
50_52	6	4	0	1	1	0	0	1.9459101490553132
50_53	0	0	0	0	0	0	0	0.0
50_54	0	0	0	0	0	0	0	0.0
50_55	0	0	0	0	0	0	0	0.0
50_56	0	0	0	0	0	0	0	0.0
50_57	0	0	0	0	0	0	0	0.0
50_58	0	0	0	0	0	0	0	0.0
50_59	0	0	0	0	0	0	0	0.0
50_60	0	0	0	0	0	0	0	0.0
50_61	0	0	0	0	0	0	0	0.0
50_62	0	0	0	0	0	0	0	0.0
50_63	0	0	0	0	0	0	0	0.0
50_64	0	0	0	0	0	0	0	0.0
50_65	0	0	0	0	0	0	0	0.0
50_66	0	0	0	0	0	0	0	0.0
50_67	0	0	0	0	0	0	0	0.0
50_68	0	0	0	0	0	0	0	0.0
50_69	0	0	0	0	0	0	0	0.0
50_70	0	0	0	0	0	0	0	0.0
50_71	0	0	0	0	0	0	0	0.0
50_72	0	0	0	0	0	0	0	0.0
50_73	0	0	0	0	0	0	0	0.0
50_74	0	0	0	0	0	0	0	0.0
50_75	0	0	0	0	0	0	0	0.0
50_76	0	0	0	0	0	0	0	0.0
50_77	0	0	0	0	0	0	0	0.0
50_78	0	0	0	0	0	0	0	0.0
50_79	0	0	0	0	0	0	0	0.0
50_80	0	0	0	0	0	0	0	0.0
50_81	0	0	0	0	0	0	0	0.0
50_82	0	0	0	0	0	0	0	0.0
50_83	0	0	0	0	0	0	0	0.0
50_84	0	0	0	0	0	0	0	0.0
50_85	0	0	0	0	0	0	0	0.0
50_86	0	0	0	0	0	0	0	0.0
50_87	0	0	0	0	0	0	0	0.0
50_88	0	0	0	0	0	0	0	0.0
50_89	0	0	0	0	0	0	0	0.0
50_90	0	0	0	0	0	0	0	0.0
50_91	0	0	0	0	0	0	0	0.0
50_92	0	0	0	0	0	0	0	0.0
50_93	0	0	0	0	0	0	0	0.0
50_94	0	0	0	0	0	0	0	0.0
50_95	0	0	0	0	0	0	0	0.0
50_96	0	0	0	0	0	0	0	0.0
50_97	0	0	0	0	0	0	0	0.0
50_98	0	0	0	0	0	0	0	0.0
50_99	0	0	0	0	0	0	0	0.0
50_100	0	0	0	0	0	0	0	0.0
51_1	0	0	0	0	0	0	0	0.0
51_2	0	0	0	0	0	0	0	0.0
51_3	0	0	0	0	0	0	0	0.0
51_4	0	0	0	0	0	0	0	0.0
51_5	0	0	0	0	0	0	0	0.0
51_6	0	0	0	0	0	0	0	0.0
51_7	0	0	0	0	0	0	0	0.0
51_8	0	0	0	0	0	0	0	0.0
51_9	0	0	0	0	0	0	0	0.0
51_10	0	0	0	0	0	0	0	0.0
51_11	0	0	0	0	0	0	0	0.0
51_12	0	0	0	0	0	0	0	0.0
51_13	0	0	0	0	0	0	0	0.0
51_14	0	0	0	0	0	0	0	0.0
51_15	0	0	0	0	0	0	0	0.0
51_16	0	0	0	0	0	0	0	0.0
51_17	0	0	0	0	0	0	0	0.0
51_18	0	0	0	0	0	0	0	0.0
51_19	0	0	0	0	0	0	0	0.0
51_20	0	0	0	0	0	0	0	0.0
51_21	0	0	0	0	0	0	0	0.0
51_22	0	0	0	0	0	0	0	0.0
51_23	0	0	0	0	0	0	0	0.0
51_24	0	0	0	0	0	0	0	0.0
51_25	0	0	0	0	0	0	0	0.0
51_26	0	0	0	0	0	0	0	0.0
51_27	0	0	0	0	0	0	0	0.0
51_28	0	0	0	0	0	0	0	0.0
51_29	0	0	0	0	0	0	0	0.0
51_30	0	0	0	0	0	0	0	0.0
51_31	0	0	0	0	0	0	0	0.0
51_32	0	0	0	0	0	0	0	0.0
51_33	0	0	0	0	0	0	0	0.0
51_34	9	7	0	2	0	0	0	2.302585092994046
51_35	0	0	0	0	0	0	0	0.0
51_36	0	0	0	0	0	0	0	0.0
51_37	0	0	0	0	0	0	0	0.0
51_38	0	0	0	0	0	0	0	0.0
51_39	0	0	0	0	0	0	0	0.0
51_40	0	0	0	0	0	0	0	0.0
51_41	0	0	0	0	0	0	0	0.0
51_42	0	0	0	0	0	0	0	0.0
51_43	2	1	1	0	0	0	0	1.0986122886681098
51_44	68	44	14	1	0	2	7	4.23410650459726
51_45	7	5	0	0	2	0	0	2.0794415416798357
51_46	6	4	0	0	2	0	0	1.9459101490553132
51_47	5	4	0	0	1	0	0	1.791759469228055
51_48	1	1	0	0	0	0	0	0.6931471805599453
51_49	0	0	0	0	0	0	0	0.0
51_50	0	0	0	0	0	0	0	0.0
51_51	0	0	0	0	0	0	0	0.0
51_52	4	2	1	1	0	0	0	1.6094379124341003
51_53	3	1	0	2	0	0	0	1.3862943611198906
51_54	0	0	0	0	0	0	0	0.0
51_55	0	0	0	0	0	0	0	0.0
51_56	0	0	0	0	0	0	0	0.0
51_57	0	0	0	0	0	0	0	0.0
51_58	0	0	0	0	0	0	0	0.0
51_59	0	0	0	0	0	0	0	0.0
51_60	0	0	0	0	0	0	0	0.0
51_61	0	0	0	0	0	0	0	0.0
51_62	0	0	0	0	0	0	0	0.0
51_63	0	0	0	0	0	0	0	0.0
51_64	0	0	0	0	0	0	0	0.0
51_65	0	0	0	0	0	0	0	0.0
51_66	0	0	0	0	0	0	0	0.0
51_67	0	0	0	0	0	0	0	0.0
51_68	0	0	0	0	0	0	0	0.0
51_69	0	0	0	0	0	0	0	0.0
51_70	0	0	0	0	0	0	0	0.0
51_71	0	0	0	0	0	0	0	0.0
51_72	0	0	0	0	0	0	0	0.0
51_73	0	0	0	0	0	0	0	0.0
51_74	0	0	0	0	0	0	0	0.0
51_75	0	0	0	0	0	0	0	0.0
51_76	0	0	0	0	0	0	0	0.0
51_77	0	0	0	0	0	0	0	0.0
51_78	0	0	0	0	0	0	0	0.0
51_79	0	0	0	0	0	0	0	0.0
51_80	0	0	0	0	0	0	0	0.0
51_81	0	0	0	0	0	0	0	0.0
51_82	0	0	0	0	0	0	0	0.0
51_83	0	0	0	0	0	0	0	0.0
51_84	0	0	0	0	0	0	0	0.0
51_85	0	0	0	0	0	0	0	0.0
51_86	0	0	0	0	0	0	0	0.0
51_87	0	0	0	0	0	0	0	0.0
51_88	0	0	0	0	0	0	0	0.0
51_89	0	0	0	0	0	0	0	0.0
51_90	0	0	0	0	0	0	0	0.0
51_91	0	0	0	0	0	0	0	0.0
51_92	0	0	0	0	0	0	0	0.0
51_93	0	0	0	0	0	0	0	0.0
51_94	0	0	0	0	0	0	0	0.0
51_95	0	0	0	0	0	0	0	0.0
51_96	0	0	0	0	0	0	0	0.0
51_97	0	0	0	0	0	0	0	0.0
51_98	0	0	0	0	0	0	0	0.0
51_99	0	0	0	0	0	0	0	0.0
51_100	0	0	0	0	0	0	0	0.0
52_1	0	0	0	0	0	0	0	0.0
52_2	0	0	0	0	0	0	0	0.0
52_3	0	0	0	0	0	0	0	0.0
52_4	0	0	0	0	0	0	0	0.0
52_5	0	0	0	0	0	0	0	0.0
52_6	0	0	0	0	0	0	0	0.0
52_7	0	0	0	0	0	0	0	0.0
52_8	0	0	0	0	0	0	0	0.0
52_9	0	0	0	0	0	0	0	0.0
52_10	0	0	0	0	0	0	0	0.0
52_11	0	0	0	0	0	0	0	0.0
52_12	0	0	0	0	0	0	0	0.0
52_13	0	0	0	0	0	0	0	0.0
52_14	0	0	0	0	0	0	0	0.0
52_15	0	0	0	0	0	0	0	0.0
52_16	0	0	0	0	0	0	0	0.0
52_17	0	0	0	0	0	0	0	0.0
52_18	0	0	0	0	0	0	0	0.0
52_19	0	0	0	0	0	0	0	0.0
52_20	0	0	0	0	0	0	0	0.0
52_21	0	0	0	0	0	0	0	0.0
52_22	0	0	0	0	0	0	0	0.0
52_23	0	0	0	0	0	0	0	0.0
52_24	0	0	0	0	0	0	0	0.0
52_25	0	0	0	0	0	0	0	0.0
52_26	0	0	0	0	0	0	0	0.0
52_27	0	0	0	0	0	0	0	0.0
52_28	0	0	0	0	0	0	0	0.0
52_29	0	0	0	0	0	0	0	0.0
52_30	0	0	0	0	0	0	0	0.0
52_31	0	0	0	0	0	0	0	0.0
52_32	0	0	0	0	0	0	0	0.0
52_33	0	0	0	0	0	0	0	0.0
52_34	0	0	0	0	0	0	0	0.0
52_35	3	3	0	0	0	0	0	1.3862943611198906
52_36	0	0	0	0	0	0	0	0.0
52_37	0	0	0	0	0	0	0	0.0
52_38	0	0	0	0	0	0	0	0.0
52_39	0	0	0	0	0	0	0	0.0
52_40	0	0	0	0	0	0	0	0.0
52_41	0	0	0	0	0	0	0	0.0
52_42	0	0	0	0	0	0	0	0.0
52_43	2	0	0	0	0	0	2	1.0986122886681098
52_44	0	0	0	0	0	0	0	0.0
52_45	7	7	0	0	0	0	0	2.0794415416798357
52_46	0	0	0	0	0	0	0	0.0
52_47	0	0	0	0	0	0	0	0.0
52_48	0	0	0	0	0	0	0	0.0
52_49	0	0	0	0	0	0	0	0.0
52_50	0	0	0	0	0	0	0	0.0
52_51	0	0	0	0	0	0	0	0.0
52_52	0	0	0	0	0	0	0	0.0
52_53	13	9	0	1	3	0	0	2.6390573296152584
52_54	0	0	0	0	0	0	0	0.0
52_55	0	0	0	0	0	0	0	0.0
52_56	0	0	0	0	0	0	0	0.0
52_57	0	0	0	0	0	0	0	0.0
52_58	0	0	0	0	0	0	0	0.0
52_59	0	0	0	0	0	0	0	0.0
52_60	0	0	0	0	0	0	0	0.0
52_61	0	0	0	0	0	0	0	0.0
52_62	0	0	0	0	0	0	0	0.0
52_63	0	0	0	0	0	0	0	0.0
52_64	0	0	0	0	0	0	0	0.0
52_65	0	0	0	0	0	0	0	0.0
52_66	0	0	0	0	0	0	0	0.0
52_67	0	0	0	0	0	0	0	0.0
52_68	0	0	0	0	0	0	0	0.0
52_69	0	0	0	0	0	0	0	0.0
52_70	0	0	0	0	0	0	0	0.0
52_71	0	0	0	0	0	0	0	0.0
52_72	0	0	0	0	0	0	0	0.0
52_73	0	0	0	0	0	0	0	0.0
52_74	0	0	0	0	0	0	0	0.0
52_75	0	0	0	0	0	0	0	0.0
52_76	0	0	0	0	0	0	0	0.0
52_77	0	0	0	0	0	0	0	0.0
52_78	0	0	0	0	0	0	0	0.0
52_79	0	0	0	0	0	0	0	0.0
52_80	0	0	0	0	0	0	0	0.0
52_81	0	0	0	0	0	0	0	0.0
52_82	0	0	0	0	0	0	0	0.0
52_83	0	0	0	0	0	0	0	0.0
52_84	0	0	0	0	0	0	0	0.0
52_85	0	0	0	0	0	0	0	0.0
52_86	0	0	0	0	0	0	0	0.0
52_87	0	0	0	0	0	0	0	0.0
52_88	0	0	0	0	0	0	0	0.0
52_89	0	0	0	0	0	0	0	0.0
52_90	0	0	0	0	0	0	0	0.0
52_91	0	0	0	0	0	0	0	0.0
52_92	0	0	0	0	0	0	0	0.0
52_93	0	0	0	0	0	0	0	0.0
52_94	0	0	0	0	0	0	0	0.0
52_95	0	0	0	0	0	0	0	0.0
52_96	0	0	0	0	0	0	0	0.0
52_97	0	0	0	0	0	0	0	0.0
52_98	0	0	0	0	0	0	0	0.0
52_99	0	0	0	0	0	0	0	0.0
52_100	0	0	0	0	0	0	0	0.0
53_1	0	0	0	0	0	0	0	0.0
53_2	0	0	0	0	0	0	0	0.0
53_3	0	0	0	0	0	0	0	0.0
53_4	0	0	0	0	0	0	0	0.0
53_5	0	0	0	0	0	0	0	0.0
53_6	0	0	0	0	0	0	0	0.0
53_7	0	0	0	0	0	0	0	0.0
53_8	0	0	0	0	0	0	0	0.0
53_9	0	0	0	0	0	0	0	0.0
53_10	0	0	0	0	0	0	0	0.0
53_11	0	0	0	0	0	0	0	0.0
53_12	0	0	0	0	0	0	0	0.0
53_13	0	0	0	0	0	0	0	0.0
53_14	0	0	0	0	0	0	0	0.0
53_15	0	0	0	0	0	0	0	0.0
53_16	0	0	0	0	0	0	0	0.0
53_17	0	0	0	0	0	0	0	0.0
53_18	0	0	0	0	0	0	0	0.0
53_19	0	0	0	0	0	0	0	0.0
53_20	0	0	0	0	0	0	0	0.0
53_21	0	0	0	0	0	0	0	0.0
53_22	0	0	0	0	0	0	0	0.0
53_23	0	0	0	0	0	0	0	0.0
53_24	0	0	0	0	0	0	0	0.0
53_25	0	0	0	0	0	0	0	0.0
53_26	0	0	0	0	0	0	0	0.0
53_27	0	0	0	0	0	0	0	0.0
53_28	0	0	0	0	0	0	0	0.0
53_29	0	0	0	0	0	0	0	0.0
53_30	0	0	0	0	0	0	0	0.0
53_31	0	0	0	0	0	0	0	0.0
53_32	0	0	0	0	0	0	0	0.0
53_33	0	0	0	0	0	0	0	0.0
53_34	0	0	0	0	0	0	0	0.0
53_35	0	0	0	0	0	0	0	0.0
53_36	10	7	0	2	1	0	0	2.3978952727983707
53_37	23	13	0	1	8	1	0	3.1780538303479458
53_38	7	6	0	0	1	0	0	2.0794415416798357
53_39	1	1	0	0	0	0	0	0.6931471805599453
53_40	1	1	0	0	0	0	0	0.6931471805599453
53_41	0	0	0	0	0	0	0	0.0
53_42	0	0	0	0	0	0	0	0.0
53_43	0	0	0	0	0	0	0	0.0
53_44	0	0	0	0	0	0	0	0.0
53_45	8	7	1	0	0	0	0	2.1972245773362196
53_46	1	1	0	0	0	0	0	0.6931471805599453
53_47	2	1	0	0	0	0	1	1.0986122886681098
53_48	0	0	0	0	0	0	0	0.0
53_49	0	0	0	0	0	0	0	0.0
53_50	0	0	0	0	0	0	0	0.0
53_51	6	5	0	0	0	1	0	1.9459101490553132
53_52	0	0	0	0	0	0	0	0.0
53_53	0	0	0	0	0	0	0	0.0
53_54	1	1	0	0	0	0	0	0.6931471805599453
53_55	2	0	0	0	2	0	0	1.0986122886681098
53_56	0	0	0	0	0	0	0	0.0
53_57	0	0	0	0	0	0	0	0.0
53_58	0	0	0	0	0	0	0	0.0
53_59	0	0	0	0	0	0	0	0.0
53_60	0	0	0	0	0	0	0	0.0
53_61	0	0	0	0	0	0	0	0.0
53_62	0	0	0	0	0	0	0	0.0
53_63	0	0	0	0	0	0	0	0.0
53_64	0	0	0	0	0	0	0	0.0
53_65	0	0	0	0	0	0	0	0.0
53_66	0	0	0	0	0	0	0	0.0
53_67	0	0	0	0	0	0	0	0.0
53_68	0	0	0	0	0	0	0	0.0
53_69	0	0	0	0	0	0	0	0.0
53_70	0	0	0	0	0	0	0	0.0
53_71	0	0	0	0	0	0	0	0.0
53_72	0	0	0	0	0	0	0	0.0
53_73	0	0	0	0	0	0	0	0.0
53_74	0	0	0	0	0	0	0	0.0
53_75	0	0	0	0	0	0	0	0.0
53_76	0	0	0	0	0	0	0	0.0
53_77	0	0	0	0	0	0	0	0.0
53_78	0	0	0	0	0	0	0	0.0
53_79	0	0	0	0	0	0	0	0.0
53_80	0	0	0	0	0	0	0	0.0
53_81	0	0	0	0	0	0	0	0.0
53_82	0	0	0	0	0	0	0	0.0
53_83	0	0	0	0	0	0	0	0.0
53_84	0	0	0	0	0	0	0	0.0
53_85	0	0	0	0	0	0	0	0.0
53_86	0	0	0	0	0	0	0	0.0
53_87	0	0	0	0	0	0	0	0.0
53_88	0	0	0	0	0	0	0	0.0
53_89	0	0	0	0	0	0	0	0.0
53_90	0	0	0	0	0	0	0	0.0
53_91	0	0	0	0	0	0	0	0.0
53_92	0	0	0	0	0	0	0	0.0
53_93	0	0	0	0	0	0	0	0.0
53_94	0	0	0	0	0	0	0	0.0
53_95	0	0	0	0	0	0	0	0.0
53_96	0	0	0	0	0	0	0	0.0
53_97	0	0	0	0	0	0	0	0.0
53_98	0	0	0	0	0	0	0	0.0
53_99	0	0	0	0	0	0	0	0.0
53_100	0	0	0	0	0	0	0	0.0
54_1	0	0	0	0	0	0	0	0.0
54_2	0	0	0	0	0	0	0	0.0
54_3	0	0	0	0	0	0	0	0.0
54_4	0	0	0	0	0	0	0	0.0
54_5	0	0	0	0	0	0	0	0.0
54_6	0	0	0	0	0	0	0	0.0
54_7	0	0	0	0	0	0	0	0.0
54_8	0	0	0	0	0	0	0	0.0
54_9	0	0	0	0	0	0	0	0.0
54_10	0	0	0	0	0	0	0	0.0
54_11	0	0	0	0	0	0	0	0.0
54_12	0	0	0	0	0	0	0	0.0
54_13	0	0	0	0	0	0	0	0.0
54_14	0	0	0	0	0	0	0	0.0
54_15	0	0	0	0	0	0	0	0.0
54_16	0	0	0	0	0	0	0	0.0
54_17	0	0	0	0	0	0	0	0.0
54_18	0	0	0	0	0	0	0	0.0
54_19	0	0	0	0	0	0	0	0.0
54_20	0	0	0	0	0	0	0	0.0
54_21	0	0	0	0	0	0	0	0.0
54_22	0	0	0	0	0	0	0	0.0
54_23	0	0	0	0	0	0	0	0.0
54_24	0	0	0	0	0	0	0	0.0
54_25	0	0	0	0	0	0	0	0.0
54_26	0	0	0	0	0	0	0	0.0
54_27	0	0	0	0	0	0	0	0.0
54_28	0	0	0	0	0	0	0	0.0
54_29	0	0	0	0	0	0	0	0.0
54_30	0	0	0	0	0	0	0	0.0
54_31	0	0	0	0	0	0	0	0.0
54_32	0	0	0	0	0	0	0	0.0
54_33	0	0	0	0	0	0	0	0.0
54_34	0	0	0	0	0	0	0	0.0
54_35	0	0	0	0	0	0	0	0.0
54_36	0	0	0	0	0	0	0	0.0
54_37	0	0	0	0	0	0	0	0.0
54_38	0	0	0	0	0	0	0	0.0
54_39	2	2	0	0	0	0	0	1.0986122886681098
54_40	0	0	0	0	0	0	0	0.0
54_41	0	0	0	0	0	0	0	0.0
54_42	0	0	0	0	0	0	0	0.0
54_43	0	0	0	0	0	0	0	0.0
54_44	6	5	0	0	1	0	0	1.9459101490553132
54_45	0	0	0	0	0	0	0	0.0
54_46	0	0	0	0	0	0	0	0.0
54_47	12	10	0	0	2	0	0	2.5649493574615367
54_48	0	0	0	0	0	0	0	0.0
54_49	0	0	0	0	0	0	0	0.0
54_50	1	1	0	0	0	0	0	0.6931471805599453
54_51	0	0	0	0	0	0	0	0.0
54_52	0	0	0	0	0	0	0	0.0
54_53	0	0	0	0	0	0	0	0.0
54_54	0	0	0	0	0	0	0	0.0
54_55	4	2	0	0	2	0	0	1.6094379124341003
54_56	84	49	4	8	7	3	13	4.442651256490317
54_57	7	3	0	1	0	0	3	2.0794415416798357
54_58	1	0	0	0	0	0	1	0.6931471805599453
54_59	16	6	0	4	1	0	5	2.833213344056216
54_60	42	26	0	4	6	1	5	3.7612001156935624
54_61	7	1	0	2	0	0	4	2.0794415416798357
54_62	0	0	0	0	0	0	0	0.0
54_63	0	0	0	0	0	0	0	0.0
54_64	0	0	0	0	0	0	0	0.0
54_65	0	0	0	0	0	0	0	0.0
54_66	0	0	0	0	0	0	0	0.0
54_67	0	0	0	0	0	0	0	0.0
54_68	0	0	0	0	0	0	0	0.0
54_69	0	0	0	0	0	0	0	0.0
54_70	0	0	0	0	0	0	0	0.0
54_71	0	0	0	0	0	0	0	0.0
54_72	0	0	0	0	0	0	0	0.0
54_73	0	0	0	0	0	0	0	0.0
54_74	0	0	0	0	0	0	0	0.0
54_75	0	0	0	0	0	0	0	0.0
54_76	0	0	0	0	0	0	0	0.0
54_77	0	0	0	0	0	0	0	0.0
54_78	0	0	0	0	0	0	0	0.0
54_79	0	0	0	0	0	0	0	0.0
54_80	0	0	0	0	0	0	0	0.0
54_81	0	0	0	0	0	0	0	0.0
54_82	0	0	0	0	0	0	0	0.0
54_83	0	0	0	0	0	0	0	0.0
54_84	0	0	0	0	0	0	0	0.0
54_85	0	0	0	0	0	0	0	0.0
54_86	0	0	0	0	0	0	0	0.0
54_87	0	0	0	0	0	0	0	0.0
54_88	0	0	0	0	0	0	0	0.0
54_89	0	0	0	0	0	0	0	0.0
54_90	0	0	0	0	0	0	0	0.0
54_91	0	0	0	0	0	0	0	0.0
54_92	0	0	0	0	0	0	0	0.0
54_93	0	0	0	0	0	0	0	0.0
54_94	0	0	0	0	0	0	0	0.0
54_95	0	0	0	0	0	0	0	0.0
54_96	0	0	0	0	0	0	0	0.0
54_97	0	0	0	0	0	0	0	0.0
54_98	0	0	0	0	0	0	0	0.0
54_99	0	0	0	0	0	0	0	0.0
54_100	0	0	0	0	0	0	0	0.0
55_1	0	0	0	0	0	0	0	0.0
55_2	0	0	0	0	0	0	0	0.0
55_3	0	0	0	0	0	0	0	0.0
55_4	0	0	0	0	0	0	0	0.0
55_5	0	0	0	0	0	0	0	0.0
55_6	0	0	0	0	0	0	0	0.0
55_7	0	0	0	0	0	0	0	0.0
55_8	0	0	0	0	0	0	0	0.0
55_9	0	0	0	0	0	0	0	0.0
55_10	0	0	0	0	0	0	0	0.0
55_11	0	0	0	0	0	0	0	0.0
55_12	0	0	0	0	0	0	0	0.0
55_13	0	0	0	0	0	0	0	0.0
55_14	0	0	0	0	0	0	0	0.0
55_15	0	0	0	0	0	0	0	0.0
55_16	0	0	0	0	0	0	0	0.0
55_17	0	0	0	0	0	0	0	0.0
55_18	0	0	0	0	0	0	0	0.0
55_19	0	0	0	0	0	0	0	0.0
55_20	0	0	0	0	0	0	0	0.0
55_21	0	0	0	0	0	0	0	0.0
55_22	0	0	0	0	0	0	0	0.0
55_23	0	0	0	0	0	0	0	0.0
55_24	0	0	0	0	0	0	0	0.0
55_25	0	0	0	0	0	0	0	0.0
55_26	0	0	0	0	0	0	0	0.0
55_27	0	0	0	0	0	0	0	0.0
55_28	0	0	0	0	0	0	0	0.0
55_29	0	0	0	0	0	0	0	0.0
55_30	0	0	0	0	0	0	0	0.0
55_31	0	0	0	0	0	0	0	0.0
55_32	0	0	0	0	0	0	0	0.0
55_33	0	0	0	0	0	0	0	0.0
55_34	0	0	0	0	0	0	0	0.0
55_35	1	1	0	0	0	0	0	0.6931471805599453
55_36	0	0	0	0	0	0	0	0.0
55_37	0	0	0	0	0	0	0	0.0
55_38	0	0	0	0	0	0	0	0.0
55_39	0	0	0	0	0	0	0	0.0
55_40	0	0	0	0	0	0	0	0.0
55_41	0	0	0	0	0	0	0	0.0
55_42	0	0	0	0	0	0	0	0.0
55_43	0	0	0	0	0	0	0	0.0
55_44	6	4	0	0	2	0	0	1.9459101490553132
55_45	0	0	0	0	0	0	0	0.0
55_46	0	0	0	0	0	0	0	0.0
55_47	0	0	0	0	0	0	0	0.0
55_48	1	0	0	0	1	0	0	0.6931471805599453
55_49	4	4	0	0	0	0	0	1.6094379124341003
55_50	0	0	0	0	0	0	0	0.0
55_51	0	0	0	0	0	0	0	0.0
55_52	0	0	0	0	0	0	0	0.0
55_53	4	4	0	0	0	0	0	1.6094379124341003
55_54	0	0	0	0	0	0	0	0.0
55_55	3	2	1	0	0	0	0	1.3862943611198906
55_56	3	1	0	1	1	0	0	1.3862943611198906
55_57	0	0	0	0	0	0	0	0.0
55_58	3	0	0	0	0	0	3	1.3862943611198906
55_59	4	2	1	0	0	0	1	1.6094379124341003
55_60	1	0	0	0	0	0	1	0.6931471805599453
55_61	2	1	0	0	0	0	1	1.0986122886681098
55_62	6	2	0	0	1	0	3	1.9459101490553132
55_63	0	0	0	0	0	0	0	0.0
55_64	0	0	0	0	0	0	0	0.0
55_65	0	0	0	0	0	0	0	0.0
55_66	0	0	0	0	0	0	0	0.0
55_67	0	0	0	0	0	0	0	0.0
55_68	0	0	0	0	0	0	0	0.0
55_69	0	0	0	0	0	0	0	0.0
55_70	0	0	0	0	0	0	0	0.0
55_71	0	0	0	0	0	0	0	0.0
55_72	0	0	0	0	0	0	0	0.0
55_73	0	0	0	0	0	0	0	0.0
55_74	0	0	0	0	0	0	0	0.0
55_75	0	0	0	0	0	0	0	0.0
55_76	0	0	0	0	0	0	0	0.0
55_77	0	0	0	0	0	0	0	0.0
55_78	0	0	0	0	0	0	0	0.0
55_79	0	0	0	0	0	0	0	0.0
55_80	0	0	0	0	0	0	0	0.0
55_81	0	0	0	0	0	0	0	0.0
55_82	0	0	0	0	0	0	0	0.0
55_83	0	0	0	0	0	0	0	0.0
55_84	0	0	0	0	0	0	0	0.0
55_85	0	0	0	0	0	0	0	0.0
55_86	0	0	0	0	0	0	0	0.0
55_87	0	0	0	0	0	0	0	0.0
55_88	0	0	0	0	0	0	0	0.0
55_89	0	0	0	0	0	0	0	0.0
55_90	0	0	0	0	0	0	0	0.0
55_91	0	0	0	0	0	0	0	0.0
55_92	0	0	0	0	0	0	0	0.0
55_93	0	0	0	0	0	0	0	0.0
55_94	0	0	0	0	0	0	0	0.0
55_95	0	0	0	0	0	0	0	0.0
55_96	0	0	0	0	0	0	0	0.0
55_97	0	0	0	0	0	0	0	0.0
55_98	0	0	0	0	0	0	0	0.0
55_99	0	0	0	0	0	0	0	0.0
55_100	0	0	0	0	0	0	0	0.0
56_1	0	0	0	0	0	0	0	0.0
56_2	0	0	0	0	0	0	0	0.0
56_3	0	0	0	0	0	0	0	0.0
56_4	0	0	0	0	0	0	0	0.0
56_5	0	0	0	0	0	0	0	0.0
56_6	0	0	0	0	0	0	0	0.0
56_7	0	0	0	0	0	0	0	0.0
56_8	0	0	0	0	0	0	0	0.0
56_9	0	0	0	0	0	0	0	0.0
56_10	0	0	0	0	0	0	0	0.0
56_11	0	0	0	0	0	0	0	0.0
56_12	0	0	0	0	0	0	0	0.0
56_13	0	0	0	0	0	0	0	0.0
56_14	0	0	0	0	0	0	0	0.0
56_15	0	0	0	0	0	0	0	0.0
56_16	0	0	0	0	0	0	0	0.0
56_17	0	0	0	0	0	0	0	0.0
56_18	0	0	0	0	0	0	0	0.0
56_19	0	0	0	0	0	0	0	0.0
56_20	0	0	0	0	0	0	0	0.0
56_21	0	0	0	0	0	0	0	0.0
56_22	0	0	0	0	0	0	0	0.0
56_23	0	0	0	0	0	0	0	0.0
56_24	0	0	0	0	0	0	0	0.0
56_25	0	0	0	0	0	0	0	0.0
56_26	0	0	0	0	0	0	0	0.0
56_27	0	0	0	0	0	0	0	0.0
56_28	0	0	0	0	0	0	0	0.0
56_29	0	0	0	0	0	0	0	0.0
56_30	0	0	0	0	0	0	0	0.0
56_31	0	0	0	0	0	0	0	0.0
56_32	0	0	0	0	0	0	0	0.0
56_33	0	0	0	0	0	0	0	0.0
56_34	0	0	0	0	0	0	0	0.0
56_35	0	0	0	0	0	0	0	0.0
56_36	0	0	0	0	0	0	0	0.0
56_37	2	2	0	0	0	0	0	1.0986122886681098
56_38	0	0	0	0	0	0	0	0.0
56_39	1	1	0	0	0	0	0	0.6931471805599453
56_40	0	0	0	0	0	0	0	0.0
56_41	0	0	0	0	0	0	0	0.0
56_42	1	1	0	0	0	0	0	0.6931471805599453
56_43	0	0	0	0	0	0	0	0.0
56_44	3	0	0	0	0	0	3	1.3862943611198906
56_45	0	0	0	0	0	0	0	0.0
56_46	0	0	0	0	0	0	0	0.0
56_47	0	0	0	0	0	0	0	0.0
56_48	0	0	0	0	0	0	0	0.0
56_49	1	1	0	0	0	0	0	0.6931471805599453
56_50	0	0	0	0	0	0	0	0.0
56_51	3	3	0	0	0	0	0	1.3862943611198906
56_52	2	2	0	0	0	0	0	1.0986122886681098
56_53	3	3	0	0	0	0	0	1.3862943611198906
56_54	17	12	2	0	2	1	0	2.8903717578961645
56_55	0	0	0	0	0	0	0	0.0
56_56	0	0	0	0	0	0	0	0.0
56_57	5	3	0	0	2	0	0	1.791759469228055
56_58	0	0	0	0	0	0	0	0.0
56_59	9	5	0	0	2	0	2	2.302585092994046
56_60	11	6	1	0	0	0	4	2.4849066497880004
56_61	41	20	0	0	10	0	11	3.7376696182833684
56_62	10	9	0	1	0	0	0	2.3978952727983707
56_63	0	0	0	0	0	0	0	0.0
56_64	0	0	0	0	0	0	0	0.0
56_65	0	0	0	0	0	0	0	0.0
56_66	0	0	0	0	0	0	0	0.0
56_67	0	0	0	0	0	0	0	0.0
56_68	0	0	0	0	0	0	0	0.0
56_69	0	0	0	0	0	0	0	0.0
56_70	0	0	0	0	0	0	0	0.0
56_71	0	0	0	0	0	0	0	0.0
56_72	0	0	0	0	0	0	0	0.0
56_73	0	0	0	0	0	0	0	0.0
56_74	0	0	0	0	0	0	0	0.0
56_75	0	0	0	0	0	0	0	0.0
56_76	0	0	0	0	0	0	0	0.0
56_77	0	0	0	0	0	0	0	0.0
56_78	0	0	0	0	0	0	0	0.0
56_79	0	0	0	0	0	0	0	0.0
56_80	0	0	0	0	0	0	0	0.0
56_81	0	0	0	0	0	0	0	0.0
56_82	0	0	0	0	0	0	0	0.0
56_83	0	0	0	0	0	0	0	0.0
56_84	0	0	0	0	0	0	0	0.0
56_85	0	0	0	0	0	0	0	0.0
56_86	0	0	0	0	0	0	0	0.0
56_87	0	0	0	0	0	0	0	0.0
56_88	0	0	0	0	0	0	0	0.0
56_89	0	0	0	0	0	0	0	0.0
56_90	0	0	0	0	0	0	0	0.0
56_91	0	0	0	0	0	0	0	0.0
56_92	0	0	0	0	0	0	0	0.0
56_93	0	0	0	0	0	0	0	0.0
56_94	0	0	0	0	0	0	0	0.0
56_95	0	0	0	0	0	0	0	0.0
56_96	0	0	0	0	0	0	0	0.0
56_97	0	0	0	0	0	0	0	0.0
56_98	0	0	0	0	0	0	0	0.0
56_99	0	0	0	0	0	0	0	0.0
56_100	0	0	0	0	0	0	0	0.0
57_1	0	0	0	0	0	0	0	0.0
57_2	0	0	0	0	0	0	0	0.0
57_3	0	0	0	0	0	0	0	0.0
57_4	0	0	0	0	0	0	0	0.0
57_5	0	0	0	0	0	0	0	0.0
57_6	0	0	0	0	0	0	0	0.0
57_7	0	0	0	0	0	0	0	0.0
57_8	0	0	0	0	0	0	0	0.0
57_9	0	0	0	0	0	0	0	0.0
57_10	0	0	0	0	0	0	0	0.0
57_11	0	0	0	0	0	0	0	0.0
57_12	0	0	0	0	0	0	0	0.0
57_13	0	0	0	0	0	0	0	0.0
57_14	0	0	0	0	0	0	0	0.0
57_15	0	0	0	0	0	0	0	0.0
57_16	0	0	0	0	0	0	0	0.0
57_17	0	0	0	0	0	0	0	0.0
57_18	0	0	0	0	0	0	0	0.0
57_19	0	0	0	0	0	0	0	0.0
57_20	0	0	0	0	0	0	0	0.0
57_21	0	0	0	0	0	0	0	0.0
57_22	0	0	0	0	0	0	0	0.0
57_23	0	0	0	0	0	0	0	0.0
57_24	0	0	0	0	0	0	0	0.0
57_25	0	0	0	0	0	0	0	0.0
57_26	0	0	0	0	0	0	0	0.0
57_27	0	0	0	0	0	0	0	0.0
57_28	0	0	0	0	0	0	0	0.0
57_29	0	0	0	0	0	0	0	0.0
57_30	0	0	0	0	0	0	0	0.0
57_31	0	0	0	0	0	0	0	0.0
57_32	0	0	0	0	0	0	0	0.0
57_33	0	0	0	0	0	0	0	0.0
57_34	0	0	0	0	0	0	0	0.0
57_35	0	0	0	0	0	0	0	0.0
57_36	0	0	0	0	0	0	0	0.0
57_37	0	0	0	0	0	0	0	0.0
57_38	0	0	0	0	0	0	0	0.0
57_39	9	7	0	0	2	0	0	2.302585092994046
57_40	0	0	0	0	0	0	0	0.0
57_41	0	0	0	0	0	0	0	0.0
57_42	1	1	0	0	0	0	0	0.6931471805599453
57_43	0	0	0	0	0	0	0	0.0
57_44	5	2	0	0	3	0	0	1.791759469228055
57_45	0	0	0	0	0	0	0	0.0
57_46	0	0	0	0	0	0	0	0.0
57_47	0	0	0	0	0	0	0	0.0
57_48	0	0	0	0	0	0	0	0.0
57_49	0	0	0	0	0	0	0	0.0
57_50	2	2	0	0	0	0	0	1.0986122886681098
57_51	5	3	0	2	0	0	0	1.791759469228055
57_52	0	0	0	0	0	0	0	0.0
57_53	15	11	0	1	3	0	0	2.772588722239781
57_54	6	4	0	0	2	0	0	1.9459101490553132
57_55	0	0	0	0	0	0	0	0.0
57_56	0	0	0	0	0	0	0	0.0
57_57	0	0	0	0	0	0	0	0.0
57_58	0	0	0	0	0	0	0	0.0
57_59	0	0	0	0	0	0	0	0.0
57_60	0	0	0	0	0	0	0	0.0
57_61	16	4	0	2	0	0	10	2.833213344056216
57_62	0	0	0	0	0	0	0	0.0
57_63	0	0	0	0	0	0	0	0.0
57_64	0	0	0	0	0	0	0	0.0
57_65	0	0	0	0	0	0	0	0.0
57_66	0	0	0	0	0	0	0	0.0
57_67	0	0	0	0	0	0	0	0.0
57_68	0	0	0	0	0	0	0	0.0
57_69	0	0	0	0	0	0	0	0.0
57_70	0	0	0	0	0	0	0	0.0
57_71	0	0	0	0	0	0	0	0.0
57_72	0	0	0	0	0	0	0	0.0
57_73	0	0	0	0	0	0	0	0.0
57_74	0	0	0	0	0	0	0	0.0
57_75	0	0	0	0	0	0	0	0.0
57_76	0	0	0	0	0	0	0	0.0
57_77	0	0	0	0	0	0	0	0.0
57_78	0	0	0	0	0	0	0	0.0
57_79	0	0	0	0	0	0	0	0.0
57_80	0	0	0	0	0	0	0	0.0
57_81	0	0	0	0	0	0	0	0.0
57_82	0	0	0	0	0	0	0	0.0
57_83	0	0	0	0	0	0	0	0.0
57_84	0	0	0	0	0	0	0	0.0
57_85	0	0	0	0	0	0	0	0.0
57_86	0	0	0	0	0	0	0	0.0
57_87	0	0	0	0	0	0	0	0.0
57_88	0	0	0	0	0	0	0	0.0
57_89	0	0	0	0	0	0	0	0.0
57_90	0	0	0	0	0	0	0	0.0
57_91	0	0	0	0	0	0	0	0.0
57_92	0	0	0	0	0	0	0	0.0
57_93	0	0	0	0	0	0	0	0.0
57_94	0	0	0	0	0	0	0	0.0
57_95	0	0	0	0	0	0	0	0.0
57_96	0	0	0	0	0	0	0	0.0
57_97	0	0	0	0	0	0	0	0.0
57_98	0	0	0	0	0	0	0	0.0
57_99	0	0	0	0	0	0	0	0.0
57_100	0	0	0	0	0	0	0	0.0
58_1	0	0	0	0	0	0	0	0.0
58_2	0	0	0	0	0	0	0	0.0
58_3	0	0	0	0	0	0	0	0.0
58_4	0	0	0	0	0	0	0	0.0
58_5	0	0	0	0	0	0	0	0.0
58_6	0	0	0	0	0	0	0	0.0
58_7	0	0	0	0	0	0	0	0.0
58_8	0	0	0	0	0	0	0	0.0
58_9	0	0	0	0	0	0	0	0.0
58_10	0	0	0	0	0	0	0	0.0
58_11	0	0	0	0	0	0	0	0.0
58_12	0	0	0	0	0	0	0	0.0
58_13	0	0	0	0	0	0	0	0.0
58_14	0	0	0	0	0	0	0	0.0
58_15	0	0	0	0	0	0	0	0.0
58_16	0	0	0	0	0	0	0	0.0
58_17	0	0	0	0	0	0	0	0.0
58_18	0	0	0	0	0	0	0	0.0
58_19	0	0	0	0	0	0	0	0.0
58_20	0	0	0	0	0	0	0	0.0
58_21	0	0	0	0	0	0	0	0.0
58_22	0	0	0	0	0	0	0	0.0
58_23	0	0	0	0	0	0	0	0.0
58_24	0	0	0	0	0	0	0	0.0
58_25	0	0	0	0	0	0	0	0.0
58_26	0	0	0	0	0	0	0	0.0
58_27	0	0	0	0	0	0	0	0.0
58_28	0	0	0	0	0	0	0	0.0
58_29	0	0	0	0	0	0	0	0.0
58_30	0	0	0	0	0	0	0	0.0
58_31	0	0	0	0	0	0	0	0.0
58_32	0	0	0	0	0	0	0	0.0
58_33	0	0	0	0	0	0	0	0.0
58_34	0	0	0	0	0	0	0	0.0
58_35	0	0	0	0	0	0	0	0.0
58_36	0	0	0	0	0	0	0	0.0
58_37	0	0	0	0	0	0	0	0.0
58_38	0	0	0	0	0	0	0	0.0
58_39	0	0	0	0	0	0	0	0.0
58_40	2	0	0	0	2	0	0	1.0986122886681098
58_41	2	1	0	1	0	0	0	1.0986122886681098
58_42	0	0	0	0	0	0	0	0.0
58_43	13	8	1	1	3	0	0	2.6390573296152584
58_44	369	209	59	30	23	23	25	5.91350300563827
58_45	11	5	1	1	4	0	0	2.4849066497880004
58_46	0	0	0	0	0	0	0	0.0
58_47	0	0	0	0	0	0	0	0.0
58_48	0	0	0	0	0	0	0	0.0
58_49	0	0	0	0	0	0	0	0.0
58_50	0	0	0	0	0	0	0	0.0
58_51	0	0	0	0	0	0	0	0.0
58_52	0	0	0	0	0	0	0	0.0
58_53	1	1	0	0	0	0	0	0.6931471805599453
58_54	0	0	0	0	0	0	0	0.0
58_55	0	0	0	0	0	0	0	0.0
58_56	0	0	0	0	0	0	0	0.0
58_57	0	0	0	0	0	0	0	0.0
58_58	1	1	0	0	0	0	0	0.6931471805599453
58_59	0	0	0	0	0	0	0	0.0
58_60	7	3	0	0	1	1	2	2.0794415416798357
58_61	11	4	0	4	1	0	2	2.4849066497880004
58_62	0	0	0	0	0	0	0	0.0
58_63	0	0	0	0	0	0	0	0.0
58_64	0	0	0	0	0	0	0	0.0
58_65	0	0	0	0	0	0	0	0.0
58_66	0	0	0	0	0	0	0	0.0
58_67	0	0	0	0	0	0	0	0.0
58_68	0	0	0	0	0	0	0	0.0
58_69	0	0	0	0	0	0	0	0.0
58_70	0	0	0	0	0	0	0	0.0
58_71	0	0	0	0	0	0	0	0.0
58_72	0	0	0	0	0	0	0	0.0
58_73	0	0	0	0	0	0	0	0.0
58_74	0	0	0	0	0	0	0	0.0
58_75	0	0	0	0	0	0	0	0.0
58_76	0	0	0	0	0	0	0	0.0
58_77	0	0	0	0	0	0	0	0.0
58_78	0	0	0	0	0	0	0	0.0
58_79	0	0	0	0	0	0	0	0.0
58_80	0	0	0	0	0	0	0	0.0
58_81	0	0	0	0	0	0	0	0.0
58_82	0	0	0	0	0	0	0	0.0
58_83	0	0	0	0	0	0	0	0.0
58_84	0	0	0	0	0	0	0	0.0
58_85	0	0	0	0	0	0	0	0.0
58_86	0	0	0	0	0	0	0	0.0
58_87	0	0	0	0	0	0	0	0.0
58_88	0	0	0	0	0	0	0	0.0
58_89	0	0	0	0	0	0	0	0.0
58_90	0	0	0	0	0	0	0	0.0
58_91	0	0	0	0	0	0	0	0.0
58_92	0	0	0	0	0	0	0	0.0
58_93	0	0	0	0	0	0	0	0.0
58_94	0	0	0	0	0	0	0	0.0
58_95	0	0	0	0	0	0	0	0.0
58_96	0	0	0	0	0	0	0	0.0
58_97	0	0	0	0	0	0	0	0.0
58_98	0	0	0	0	0	0	0	0.0
58_99	0	0	0	0	0	0	0	0.0
58_100	0	0	0	0	0	0	0	0.0
59_1	0	0	0	0	0	0	0	0.0
59_2	0	0	0	0	0	0	0	0.0
59_3	0	0	0	0	0	0	0	0.0
59_4	0	0	0	0	0	0	0	0.0
59_5	0	0	0	0	0	0	0	0.0
59_6	0	0	0	0	0	0	0	0.0
59_7	0	0	0	0	0	0	0	0.0
59_8	0	0	0	0	0	0	0	0.0
59_9	0	0	0	0	0	0	0	0.0
59_10	0	0	0	0	0	0	0	0.0
59_11	0	0	0	0	0	0	0	0.0
59_12	0	0	0	0	0	0	0	0.0
59_13	0	0	0	0	0	0	0	0.0
59_14	0	0	0	0	0	0	0	0.0
59_15	0	0	0	0	0	0	0	0.0
59_16	0	0	0	0	0	0	0	0.0
59_17	0	0	0	0	0	0	0	0.0
59_18	0	0	0	0	0	0	0	0.0
59_19	0	0	0	0	0	0	0	0.0
59_20	0	0	0	0	0	0	0	0.0
59_21	0	0	0	0	0	0	0	0.0
59_22	0	0	0	0	0	0	0	0.0
59_23	0	0	0	0	0	0	0	0.0
59_24	0	0	0	0	0	0	0	0.0
59_25	0	0	0	0	0	0	0	0.0
59_26	0	0	0	0	0	0	0	0.0
59_27	0	0	0	0	0	0	0	0.0
59_28	0	0	0	0	0	0	0	0.0
59_29	0	0	0	0	0	0	0	0.0
59_30	0	0	0	0	0	0	0	0.0
59_31	0	0	0	0	0	0	0	0.0
59_32	0	0	0	0	0	0	0	0.0
59_33	0	0	0	0	0	0	0	0.0
59_34	0	0	0	0	0	0	0	0.0
59_35	0	0	0	0	0	0	0	0.0
59_36	0	0	0	0	0	0	0	0.0
59_37	0	0	0	0	0	0	0	0.0
59_38	0	0	0	0	0	0	0	0.0
59_39	0	0	0	0	0	0	0	0.0
59_40	0	0	0	0	0	0	0	0.0
59_41	2	2	0	0	0	0	0	1.0986122886681098
59_42	1	1	0	0	0	0	0	0.6931471805599453
59_43	3	3	0	0	0	0	0	1.3862943611198906
59_44	21	16	0	3	2	0	0	3.091042453358316
59_45	0	0	0	0	0	0	0	0.0
59_46	0	0	0	0	0	0	0	0.0
59_47	2	1	0	1	0	0	0	1.0986122886681098
59_48	0	0	0	0	0	0	0	0.0
59_49	0	0	0	0	0	0	0	0.0
59_50	0	0	0	0	0	0	0	0.0
59_51	0	0	0	0	0	0	0	0.0
59_52	2	2	0	0	0	0	0	1.0986122886681098
59_53	0	0	0	0	0	0	0	0.0
59_54	0	0	0	0	0	0	0	0.0
59_55	1	1	0	0	0	0	0	0.6931471805599453
59_56	0	0	0	0	0	0	0	0.0
59_57	0	0	0	0	0	0	0	0.0
59_58	2	2	0	0	0	0	0	1.0986122886681098
59_59	0	0	0	0	0	0	0	0.0
59_60	18	8	3	0	0	6	1	2.9444389791664403
59_61	31	14	1	0	2	5	9	3.4657359027997265
59_62	0	0	0	0	0	0	0	0.0
59_63	0	0	0	0	0	0	0	0.0
59_64	0	0	0	0	0	0	0	0.0
59_65	0	0	0	0	0	0	0	0.0
59_66	0	0	0	0	0	0	0	0.0
59_67	0	0	0	0	0	0	0	0.0
59_68	0	0	0	0	0	0	0	0.0
59_69	0	0	0	0	0	0	0	0.0
59_70	0	0	0	0	0	0	0	0.0
59_71	0	0	0	0	0	0	0	0.0
59_72	0	0	0	0	0	0	0	0.0
59_73	0	0	0	0	0	0	0	0.0
59_74	0	0	0	0	0	0	0	0.0
59_75	0	0	0	0	0	0	0	0.0
59_76	0	0	0	0	0	0	0	0.0
59_77	0	0	0	0	0	0	0	0.0
59_78	0	0	0	0	0	0	0	0.0
59_79	0	0	0	0	0	0	0	0.0
59_80	0	0	0	0	0	0	0	0.0
59_81	0	0	0	0	0	0	0	0.0
59_82	0	0	0	0	0	0	0	0.0
59_83	0	0	0	0	0	0	0	0.0
59_84	0	0	0	0	0	0	0	0.0
59_85	0	0	0	0	0	0	0	0.0
59_86	0	0	0	0	0	0	0	0.0
59_87	0	0	0	0	0	0	0	0.0
59_88	0	0	0	0	0	0	0	0.0
59_89	0	0	0	0	0	0	0	0.0
59_90	0	0	0	0	0	0	0	0.0
59_91	0	0	0	0	0	0	0	0.0
59_92	0	0	0	0	0	0	0	0.0
59_93	0	0	0	0	0	0	0	0.0
59_94	0	0	0	0	0	0	0	0.0
59_95	0	0	0	0	0	0	0	0.0
59_96	0	0	0	0	0	0	0	0.0
59_97	0	0	0	0	0	0	0	0.0
59_98	0	0	0	0	0	0	0	0.0
59_99	0	0	0	0	0	0	0	0.0
59_100	0	0	0	0	0	0	0	0.0
60_1	0	0	0	0	0	0	0	0.0
60_2	0	0	0	0	0	0	0	0.0
60_3	0	0	0	0	0	0	0	0.0
60_4	0	0	0	0	0	0	0	0.0
60_5	0	0	0	0	0	0	0	0.0
60_6	0	0	0	0	0	0	0	0.0
60_7	0	0	0	0	0	0	0	0.0
60_8	0	0	0	0	0	0	0	0.0
60_9	0	0	0	0	0	0	0	0.0
60_10	0	0	0	0	0	0	0	0.0
60_11	0	0	0	0	0	0	0	0.0
60_12	0	0	0	0	0	0	0	0.0
60_13	0	0	0	0	0	0	0	0.0
60_14	0	0	0	0	0	0	0	0.0
60_15	0	0	0	0	0	0	0	0.0
60_16	0	0	0	0	0	0	0	0.0
60_17	0	0	0	0	0	0	0	0.0
60_18	0	0	0	0	0	0	0	0.0
60_19	0	0	0	0	0	0	0	0.0
60_20	0	0	0	0	0	0	0	0.0
60_21	0	0	0	0	0	0	0	0.0
60_22	0	0	0	0	0	0	0	0.0
60_23	0	0	0	0	0	0	0	0.0
60_24	0	0	0	0	0	0	0	0.0
60_25	0	0	0	0	0	0	0	0.0
60_26	0	0	0	0	0	0	0	0.0
60_27	0	0	0	0	0	0	0	0.0
60_28	0	0	0	0	0	0	0	0.0
60_29	0	0	0	0	0	0	0	0.0
60_30	0	0	0	0	0	0	0	0.0
60_31	0	0	0	0	0	0	0	0.0
60_32	0	0	0	0	0	0	0	0.0
60_33	0	0	0	0	0	0	0	0.0
60_34	0	0	0	0	0	0	0	0.0
60_35	0	0	0	0	0	0	0	0.0
60_36	0	0	0	0	0	0	0	0.0
60_37	0	0	0	0	0	0	0	0.0
60_38	0	0	0	0	0	0	0	0.0
60_39	0	0	0	0	0	0	0	0.0
60_40	0	0	0	0	0	0	0	0.0
60_41	0	0	0	0	0	0	0	0.0
60_42	0	0	0	0	0	0	0	0.0
60_43	0	0	0	0	0	0	0	0.0
60_44	0	0	0	0	0	0	0	0.0
60_45	0	0	0	0	0	0	0	0.0
60_46	0	0	0	0	0	0	0	0.0
60_47	0	0	0	0	0	0	0	0.0
60_48	0	0	0	0	0	0	0	0.0
60_49	5	2	0	3	0	0	0	1.791759469228055
60_50	11	7	0	0	4	0	0	2.4849066497880004
60_51	0	0	0	0	0	0	0	0.0
60_52	0	0	0	0	0	0	0	0.0
60_53	44	25	5	0	12	0	2	3.8066624897703196
60_54	1	1	0	0	0	0	0	0.6931471805599453
60_55	2	2	0	0	0	0	0	1.0986122886681098
60_56	0	0	0	0	0	0	0	0.0
60_57	1	1	0	0	0	0	0	0.6931471805599453
60_58	0	0	0	0	0	0	0	0.0
60_59	0	0	0	0	0	0	0	0.0
60_60	0	0	0	0	0	0	0	0.0
60_61	26	10	3	1	3	4	5	3.295836866004329
60_62	92	51	20	2	1	8	10	4.532599493153256
60_63	0	0	0	0	0	0	0	0.0
60_64	0	0	0	0	0	0	0	0.0
60_65	1	0	0	1	0	0	0	0.6931471805599453
60_66	0	0	0	0	0	0	0	0.0
60_67	0	0	0	0	0	0	0	0.0
60_68	0	0	0	0	0	0	0	0.0
60_69	0	0	0	0	0	0	0	0.0
60_70	0	0	0	0	0	0	0	0.0
60_71	0	0	0	0	0	0	0	0.0
60_72	0	0	0	0	0	0	0	0.0
60_73	0	0	0	0	0	0	0	0.0
60_74	0	0	0	0	0	0	0	0.0
60_75	0	0	0	0	0	0	0	0.0
60_76	0	0	0	0	0	0	0	0.0
60_77	0	0	0	0	0	0	0	0.0
60_78	0	0	0	0	0	0	0	0.0
60_79	0	0	0	0	0	0	0	0.0
60_80	0	0	0	0	0	0	0	0.0
60_81	0	0	0	0	0	0	0	0.0
60_82	0	0	0	0	0	0	0	0.0
60_83	0	0	0	0	0	0	0	0.0
60_84	0	0	0	0	0	0	0	0.0
60_85	0	0	0	0	0	0	0	0.0
60_86	0	0	0	0	0	0	0	0.0
60_87	0	0	0	0	0	0	0	0.0
60_88	0	0	0	0	0	0	0	0.0
60_89	0	0	0	0	0	0	0	0.0
60_90	0	0	0	0	0	0	0	0.0
60_91	0	0	0	0	0	0	0	0.0
60_92	0	0	0	0	0	0	0	0.0
60_93	0	0	0	0	0	0	0	0.0
60_94	0	0	0	0	0	0	0	0.0
60_95	0	0	0	0	0	0	0	0.0
60_96	0	0	0	0	0	0	0	0.0
60_97	0	0	0	0	0	0	0	0.0
60_98	0	0	0	0	0	0	0	0.0
60_99	0	0	0	0	0	0	0	0.0
60_100	0	0	0	0	0	0	0	0.0
61_1	0	0	0	0	0	0	0	0.0
61_2	0	0	0	0	0	0	0	0.0
61_3	0	0	0	0	0	0	0	0.0
61_4	0	0	0	0	0	0	0	0.0
61_5	0	0	0	0	0	0	0	0.0
61_6	0	0	0	0	0	0	0	0.0
61_7	0	0	0	0	0	0	0	0.0
61_8	0	0	0	0	0	0	0	0.0
61_9	0	0	0	0	0	0	0	0.0
61_10	0	0	0	0	0	0	0	0.0
61_11	0	0	0	0	0	0	0	0.0
61_12	0	0	0	0	0	0	0	0.0
61_13	0	0	0	0	0	0	0	0.0
61_14	0	0	0	0	0	0	0	0.0
61_15	0	0	0	0	0	0	0	0.0
61_16	0	0	0	0	0	0	0	0.0
61_17	0	0	0	0	0	0	0	0.0
61_18	0	0	0	0	0	0	0	0.0
61_19	0	0	0	0	0	0	0	0.0
61_20	0	0	0	0	0	0	0	0.0
61_21	0	0	0	0	0	0	0	0.0
61_22	0	0	0	0	0	0	0	0.0
61_23	0	0	0	0	0	0	0	0.0
61_24	0	0	0	0	0	0	0	0.0
61_25	0	0	0	0	0	0	0	0.0
61_26	0	0	0	0	0	0	0	0.0
61_27	0	0	0	0	0	0	0	0.0
61_28	0	0	0	0	0	0	0	0.0
61_29	0	0	0	0	0	0	0	0.0
61_30	0	0	0	0	0	0	0	0.0
61_31	0	0	0	0	0	0	0	0.0
61_32	0	0	0	0	0	0	0	0.0
61_33	0	0	0	0	0	0	0	0.0
61_34	0	0	0	0	0	0	0	0.0
61_35	0	0	0	0	0	0	0	0.0
61_36	0	0	0	0	0	0	0	0.0
61_37	0	0	0	0	0	0	0	0.0
61_38	0	0	0	0	0	0	0	0.0
61_39	0	0	0	0	0	0	0	0.0
61_40	0	0	0	0	0	0	0	0.0
61_41	0	0	0	0	0	0	0	0.0
61_42	0	0	0	0	0	0	0	0.0
61_43	0	0	0	0	0	0	0	0.0
61_44	0	0	0	0	0	0	0	0.0
61_45	0	0	0	0	0	0	0	0.0
61_46	0	0	0	0	0	0	0	0.0
61_47	0	0	0	0	0	0	0	0.0
61_48	0	0	0	0	0	0	0	0.0
61_49	0	0	0	0	0	0	0	0.0
61_50	0	0	0	0	0	0	0	0.0
61_51	0	0	0	0	0	0	0	0.0
61_52	7	3	0	4	0	0	0	2.0794415416798357
61_53	8	4	0	1	3	0	0	2.1972245773362196
61_54	0	0	0	0	0	0	0	0.0
61_55	0	0	0	0	0	0	0	0.0
61_56	1	0	0	0	0	0	1	0.6931471805599453
61_57	0	0	0	0	0	0	0	0.0
61_58	0	0	0	0	0	0	0	0.0
61_59	1	0	0	1	0	0	0	0.6931471805599453
61_60	0	0	0	0	0	0	0	0.0
61_61	10	8	0	0	1	1	0	2.3978952727983707
61_62	137	62	26	2	8	25	14	4.927253685157205
61_63	19	9	1	0	1	0	8	2.995732273553991
61_64	13	4	0	2	1	0	6	2.6390573296152584
61_65	22	6	1	4	5	0	6	3.1354942159291497
61_66	1	1	0	0	0	0	0	0.6931471805599453
61_67	3	2	0	0	1	0	0	1.3862943611198906
61_68	0	0	0	0	0	0	0	0.0
61_69	0	0	0	0	0	0	0	0.0
61_70	0	0	0	0	0	0	0	0.0
61_71	0	0	0	0	0	0	0	0.0
61_72	0	0	0	0	0	0	0	0.0
61_73	0	0	0	0	0	0	0	0.0
61_74	0	0	0	0	0	0	0	0.0
61_75	0	0	0	0	0	0	0	0.0
61_76	0	0	0	0	0	0	0	0.0
61_77	0	0	0	0	0	0	0	0.0
61_78	0	0	0	0	0	0	0	0.0
61_79	0	0	0	0	0	0	0	0.0
61_80	0	0	0	0	0	0	0	0.0
61_81	0	0	0	0	0	0	0	0.0
61_82	0	0	0	0	0	0	0	0.0
61_83	0	0	0	0	0	0	0	0.0
61_84	0	0	0	0	0	0	0	0.0
61_85	0	0	0	0	0	0	0	0.0
61_86	0	0	0	0	0	0	0	0.0
61_87	0	0	0	0	0	0	0	0.0
61_88	0	0	0	0	0	0	0	0.0
61_89	0	0	0	0	0	0	0	0.0
61_90	0	0	0	0	0	0	0	0.0
61_91	0	0	0	0	0	0	0	0.0
61_92	0	0	0	0	0	0	0	0.0
61_93	0	0	0	0	0	0	0	0.0
61_94	0	0	0	0	0	0	0	0.0
61_95	0	0	0	0	0	0	0	0.0
61_96	0	0	0	0	0	0	0	0.0
61_97	0	0	0	0	0	0	0	0.0
61_98	0	0	0	0	0	0	0	0.0
61_99	0	0	0	0	0	0	0	0.0
61_100	0	0	0	0	0	0	0	0.0
62_1	0	0	0	0	0	0	0	0.0
62_2	0	0	0	0	0	0	0	0.0
62_3	0	0	0	0	0	0	0	0.0
62_4	0	0	0	0	0	0	0	0.0
62_5	0	0	0	0	0	0	0	0.0
62_6	0	0	0	0	0	0	0	0.0
62_7	0	0	0	0	0	0	0	0.0
62_8	0	0	0	0	0	0	0	0.0
62_9	0	0	0	0	0	0	0	0.0
62_10	0	0	0	0	0	0	0	0.0
62_11	0	0	0	0	0	0	0	0.0
62_12	0	0	0	0	0	0	0	0.0
62_13	0	0	0	0	0	0	0	0.0
62_14	0	0	0	0	0	0	0	0.0
62_15	0	0	0	0	0	0	0	0.0
62_16	0	0	0	0	0	0	0	0.0
62_17	0	0	0	0	0	0	0	0.0
62_18	0	0	0	0	0	0	0	0.0
62_19	0	0	0	0	0	0	0	0.0
62_20	0	0	0	0	0	0	0	0.0
62_21	0	0	0	0	0	0	0	0.0
62_22	0	0	0	0	0	0	0	0.0
62_23	0	0	0	0	0	0	0	0.0
62_24	0	0	0	0	0	0	0	0.0
62_25	0	0	0	0	0	0	0	0.0
62_26	0	0	0	0	0	0	0	0.0
62_27	0	0	0	0	0	0	0	0.0
62_28	0	0	0	0	0	0	0	0.0
62_29	0	0	0	0	0	0	0	0.0
62_30	0	0	0	0	0	0	0	0.0
62_31	0	0	0	0	0	0	0	0.0
62_32	0	0	0	0	0	0	0	0.0
62_33	0	0	0	0	0	0	0	0.0
62_34	0	0	0	0	0	0	0	0.0
62_35	0	0	0	0	0	0	0	0.0
62_36	0	0	0	0	0	0	0	0.0
62_37	0	0	0	0	0	0	0	0.0
62_38	0	0	0	0	0	0	0	0.0
62_39	0	0	0	0	0	0	0	0.0
62_40	0	0	0	0	0	0	0	0.0
62_41	0	0	0	0	0	0	0	0.0
62_42	0	0	0	0	0	0	0	0.0
62_43	0	0	0	0	0	0	0	0.0
62_44	0	0	0	0	0	0	0	0.0
62_45	0	0	0	0	0	0	0	0.0
62_46	0	0	0	0	0	0	0	0.0
62_47	0	0	0	0	0	0	0	0.0
62_48	0	0	0	0	0	0	0	0.0
62_49	0	0	0	0	0	0	0	0.0
62_50	0	0	0	0	0	0	0	0.0
62_51	0	0	0	0	0	0	0	0.0
62_52	0	0	0	0	0	0	0	0.0
62_53	9	6	0	2	1	0	0	2.302585092994046
62_54	0	0	0	0	0	0	0	0.0
62_55	0	0	0	0	0	0	0	0.0
62_56	0	0	0	0	0	0	0	0.0
62_57	1	1	0	0	0	0	0	0.6931471805599453
62_58	0	0	0	0	0	0	0	0.0
62_59	2	2	0	0	0	0	0	1.0986122886681098
62_60	2	2	0	0	0	0	0	1.0986122886681098
62_61	1	1	0	0	0	0	0	0.6931471805599453
62_62	0	0	0	0	0	0	0	0.0
62_63	0	0	0	0	0	0	0	0.0
62_64	0	0	0	0	0	0	0	0.0
62_65	2	2	0	0	0	0	0	1.0986122886681098
62_66	3	3	0	0	0	0	0	1.3862943611198906
62_67	0	0	0	0	0	0	0	0.0
62_68	0	0	0	0	0	0	0	0.0
62_69	0	0	0	0	0	0	0	0.0
62_70	0	0	0	0	0	0	0	0.0
62_71	0	0	0	0	0	0	0	0.0
62_72	0	0	0	0	0	0	0	0.0
62_73	0	0	0	0	0	0	0	0.0
62_74	0	0	0	0	0	0	0	0.0
62_75	0	0	0	0	0	0	0	0.0
62_76	0	0	0	0	0	0	0	0.0
62_77	0	0	0	0	0	0	0	0.0
62_78	0	0	0	0	0	0	0	0.0
62_79	0	0	0	0	0	0	0	0.0
62_80	0	0	0	0	0	0	0	0.0
62_81	0	0	0	0	0	0	0	0.0
62_82	0	0	0	0	0	0	0	0.0
62_83	0	0	0	0	0	0	0	0.0
62_84	0	0	0	0	0	0	0	0.0
62_85	0	0	0	0	0	0	0	0.0
62_86	0	0	0	0	0	0	0	0.0
62_87	0	0	0	0	0	0	0	0.0
62_88	0	0	0	0	0	0	0	0.0
62_89	0	0	0	0	0	0	0	0.0
62_90	0	0	0	0	0	0	0	0.0
62_91	0	0	0	0	0	0	0	0.0
62_92	0	0	0	0	0	0	0	0.0
62_93	0	0	0	0	0	0	0	0.0
62_94	0	0	0	0	0	0	0	0.0
62_95	0	0	0	0	0	0	0	0.0
62_96	0	0	0	0	0	0	0	0.0
62_97	0	0	0	0	0	0	0	0.0
62_98	0	0	0	0	0	0	0	0.0
62_99	0	0	0	0	0	0	0	0.0
62_100	0	0	0	0	0	0	0	0.0
63_1	0	0	0	0	0	0	0	0.0
63_2	0	0	0	0	0	0	0	0.0
63_3	0	0	0	0	0	0	0	0.0
63_4	0	0	0	0	0	0	0	0.0
63_5	0	0	0	0	0	0	0	0.0
63_6	0	0	0	0	0	0	0	0.0
63_7	0	0	0	0	0	0	0	0.0
63_8	0	0	0	0	0	0	0	0.0
63_9	0	0	0	0	0	0	0	0.0
63_10	0	0	0	0	0	0	0	0.0
63_11	0	0	0	0	0	0	0	0.0
63_12	0	0	0	0	0	0	0	0.0
63_13	0	0	0	0	0	0	0	0.0
63_14	0	0	0	0	0	0	0	0.0
63_15	0	0	0	0	0	0	0	0.0
63_16	0	0	0	0	0	0	0	0.0
63_17	0	0	0	0	0	0	0	0.0
63_18	0	0	0	0	0	0	0	0.0
63_19	0	0	0	0	0	0	0	0.0
63_20	0	0	0	0	0	0	0	0.0
63_21	0	0	0	0	0	0	0	0.0
63_22	0	0	0	0	0	0	0	0.0
63_23	0	0	0	0	0	0	0	0.0
63_24	0	0	0	0	0	0	0	0.0
63_25	0	0	0	0	0	0	0	0.0
63_26	0	0	0	0	0	0	0	0.0
63_27	0	0	0	0	0	0	0	0.0
63_28	0	0	0	0	0	0	0	0.0
63_29	0	0	0	0	0	0	0	0.0
63_30	0	0	0	0	0	0	0	0.0
63_31	0	0	0	0	0	0	0	0.0
63_32	0	0	0	0	0	0	0	0.0
63_33	0	0	0	0	0	0	0	0.0
63_34	0	0	0	0	0	0	0	0.0
63_35	0	0	0	0	0	0	0	0.0
63_36	0	0	0	0	0	0	0	0.0
63_37	0	0	0	0	0	0	0	0.0
63_38	0	0	0	0	0	0	0	0.0
63_39	0	0	0	0	0	0	0	0.0
63_40	0	0	0	0	0	0	0	0.0
63_41	0	0	0	0	0	0	0	0.0
63_42	0	0	0	0	0	0	0	0.0
63_43	0	0	0	0	0	0	0	0.0
63_44	0	0	0	0	0	0	0	0.0
63_45	0	0	0	0	0	0	0	0.0
63_46	0	0	0	0	0	0	0	0.0
63_47	0	0	0	0	0	0	0	0.0
63_48	0	0	0	0	0	0	0	0.0
63_49	0	0	0	0	0	0	0	0.0
63_50	0	0	0	0	0	0	0	0.0
63_51	0	0	0	0	0	0	0	0.0
63_52	0	0	0	0	0	0	0	0.0
63_53	0	0	0	0	0	0	0	0.0
63_54	3	1	0	2	0	0	0	1.3862943611198906
63_55	0	0	0	0	0	0	0	0.0
63_56	0	0	0	0	0	0	0	0.0
63_57	4	2	0	2	0	0	0	1.6094379124341003
63_58	3	2	0	0	1	0	0	1.3862943611198906
63_59	0	0	0	0	0	0	0	0.0
63_60	0	0	0	0	0	0	0	0.0
63_61	0	0	0	0	0	0	0	0.0
63_62	0	0	0	0	0	0	0	0.0
63_63	0	0	0	0	0	0	0	0.0
63_64	0	0	0	0	0	0	0	0.0
63_65	0	0	0	0	0	0	0	0.0
63_66	7	6	0	1	0	0	0	2.0794415416798357
63_67	0	0	0	0	0	0	0	0.0
63_68	0	0	0	0	0	0	0	0.0
63_69	0	0	0	0	0	0	0	0.0
63_70	0	0	0	0	0	0	0	0.0
63_71	0	0	0	0	0	0	0	0.0
63_72	0	0	0	0	0	0	0	0.0
63_73	0	0	0	0	0	0	0	0.0
63_74	0	0	0	0	0	0	0	0.0
63_75	0	0	0	0	0	0	0	0.0
63_76	0	0	0	0	0	0	0	0.0
63_77	0	0	0	0	0	0	0	0.0
63_78	0	0	0	0	0	0	0	0.0
63_79	0	0	0	0	0	0	0	0.0
63_80	0	0	0	0	0	0	0	0.0
63_81	0	0	0	0	0	0	0	0.0
63_82	0	0	0	0	0	0	0	0.0
63_83	0	0	0	0	0	0	0	0.0
63_84	0	0	0	0	0	0	0	0.0
63_85	0	0	0	0	0	0	0	0.0
63_86	0	0	0	0	0	0	0	0.0
63_87	0	0	0	0	0	0	0	0.0
63_88	0	0	0	0	0	0	0	0.0
63_89	0	0	0	0	0	0	0	0.0
63_90	0	0	0	0	0	0	0	0.0
63_91	0	0	0	0	0	0	0	0.0
63_92	0	0	0	0	0	0	0	0.0
63_93	0	0	0	0	0	0	0	0.0
63_94	0	0	0	0	0	0	0	0.0
63_95	0	0	0	0	0	0	0	0.0
63_96	0	0	0	0	0	0	0	0.0
63_97	0	0	0	0	0	0	0	0.0
63_98	0	0	0	0	0	0	0	0.0
63_99	0	0	0	0	0	0	0	0.0
63_100	0	0	0	0	0	0	0	0.0
64_1	0	0	0	0	0	0	0	0.0
64_2	0	0	0	0	0	0	0	0.0
64_3	0	0	0	0	0	0	0	0.0
64_4	0	0	0	0	0	0	0	0.0
64_5	0	0	0	0	0	0	0	0.0
64_6	0	0	0	0	0	0	0	0.0
64_7	0	0	0	0	0	0	0	0.0
64_8	0	0	0	0	0	0	0	0.0
64_9	0	0	0	0	0	0	0	0.0
64_10	0	0	0	0	0	0	0	0.0
64_11	0	0	0	0	0	0	0	0.0
64_12	0	0	0	0	0	0	0	0.0
64_13	0	0	0	0	0	0	0	0.0
64_14	0	0	0	0	0	0	0	0.0
64_15	0	0	0	0	0	0	0	0.0
64_16	0	0	0	0	0	0	0	0.0
64_17	0	0	0	0	0	0	0	0.0
64_18	0	0	0	0	0	0	0	0.0
64_19	0	0	0	0	0	0	0	0.0
64_20	0	0	0	0	0	0	0	0.0
64_21	0	0	0	0	0	0	0	0.0
64_22	0	0	0	0	0	0	0	0.0
64_23	0	0	0	0	0	0	0	0.0
64_24	0	0	0	0	0	0	0	0.0
64_25	0	0	0	0	0	0	0	0.0
64_26	0	0	0	0	0	0	0	0.0
64_27	0	0	0	0	0	0	0	0.0
64_28	0	0	0	0	0	0	0	0.0
64_29	0	0	0	0	0	0	0	0.0
64_30	0	0	0	0	0	0	0	0.0
64_31	0	0	0	0	0	0	0	0.0
64_32	0	0	0	0	0	0	0	0.0
64_33	0	0	0	0	0	0	0	0.0
64_34	0	0	0	0	0	0	0	0.0
64_35	0	0	0	0	0	0	0	0.0
64_36	0	0	0	0	0	0	0	0.0
64_37	0	0	0	0	0	0	0	0.0
64_38	0	0	0	0	0	0	0	0.0
64_39	0	0	0	0	0	0	0	0.0
64_40	0	0	0	0	0	0	0	0.0
64_41	0	0	0	0	0	0	0	0.0
64_42	0	0	0	0	0	0	0	0.0
64_43	0	0	0	0	0	0	0	0.0
64_44	0	0	0	0	0	0	0	0.0
64_45	0	0	0	0	0	0	0	0.0
64_46	0	0	0	0	0	0	0	0.0
64_47	0	0	0	0	0	0	0	0.0
64_48	0	0	0	0	0	0	0	0.0
64_49	0	0	0	0	0	0	0	0.0
64_50	0	0	0	0	0	0	0	0.0
64_51	0	0	0	0	0	0	0	0.0
64_52	0	0	0	0	0	0	0	0.0
64_53	0	0	0	0	0	0	0	0.0
64_54	0	0	0	0	0	0	0	0.0
64_55	0	0	0	0	0	0	0	0.0
64_56	0	0	0	0	0	0	0	0.0
64_57	2	2	0	0	0	0	0	1.0986122886681098
64_58	0	0	0	0	0	0	0	0.0
64_59	3	2	0	0	1	0	0	1.3862943611198906
64_60	0	0	0	0	0	0	0	0.0
64_61	1	1	0	0	0	0	0	0.6931471805599453
64_62	0	0	0	0	0	0	0	0.0
64_63	0	0	0	0	0	0	0	0.0
64_64	0	0	0	0	0	0	0	0.0
64_65	4	2	0	1	1	0	0	1.6094379124341003
64_66	5	4	0	1	0	0	0	1.791759469228055
64_67	0	0	0	0	0	0	0	0.0
64_68	0	0	0	0	0	0	0	0.0
64_69	0	0	0	0	0	0	0	0.0
64_70	0	0	0	0	0	0	0	0.0
64_71	0	0	0	0	0	0	0	0.0
64_72	0	0	0	0	0	0	0	0.0
64_73	0	0	0	0	0	0	0	0.0
64_74	0	0	0	0	0	0	0	0.0
64_75	0	0	0	0	0	0	0	0.0
64_76	0	0	0	0	0	0	0	0.0
64_77	0	0	0	0	0	0	0	0.0
64_78	0	0	0	0	0	0	0	0.0
64_79	0	0	0	0	0	0	0	0.0
64_80	0	0	0	0	0	0	0	0.0
64_81	0	0	0	0	0	0	0	0.0
64_82	0	0	0	0	0	0	0	0.0
64_83	0	0	0	0	0	0	0	0.0
64_84	0	0	0	0	0	0	0	0.0
64_85	0	0	0	0	0	0	0	0.0
64_86	0	0	0	0	0	0	0	0.0
64_87	0	0	0	0	0	0	0	0.0
64_88	0	0	0	0	0	0	0	0.0
64_89	0	0	0	0	0	0	0	0.0
64_90	0	0	0	0	0	0	0	0.0
64_91	0	0	0	0	0	0	0	0.0
64_92	0	0	0	0	0	0	0	0.0
64_93	0	0	0	0	0	0	0	0.0
64_94	0	0	0	0	0	0	0	0.0
64_95	0	0	0	0	0	0	0	0.0
64_96	0	0	0	0	0	0	0	0.0
64_97	0	0	0	0	0	0	0	0.0
64_98	0	0	0	0	0	0	0	0.0
64_99	0	0	0	0	0	0	0	0.0
64_100	0	0	0	0	0	0	0	0.0
65_1	0	0	0	0	0	0	0	0.0
65_2	0	0	0	0	0	0	0	0.0
65_3	0	0	0	0	0	0	0	0.0
65_4	0	0	0	0	0	0	0	0.0
65_5	0	0	0	0	0	0	0	0.0
65_6	0	0	0	0	0	0	0	0.0
65_7	0	0	0	0	0	0	0	0.0
65_8	0	0	0	0	0	0	0	0.0
65_9	0	0	0	0	0	0	0	0.0
65_10	0	0	0	0	0	0	0	0.0
65_11	0	0	0	0	0	0	0	0.0
65_12	0	0	0	0	0	0	0	0.0
65_13	0	0	0	0	0	0	0	0.0
65_14	0	0	0	0	0	0	0	0.0
65_15	0	0	0	0	0	0	0	0.0
65_16	0	0	0	0	0	0	0	0.0
65_17	0	0	0	0	0	0	0	0.0
65_18	0	0	0	0	0	0	0	0.0
65_19	0	0	0	0	0	0	0	0.0
65_20	0	0	0	0	0	0	0	0.0
65_21	0	0	0	0	0	0	0	0.0
65_22	0	0	0	0	0	0	0	0.0
65_23	0	0	0	0	0	0	0	0.0
65_24	0	0	0	0	0	0	0	0.0
65_25	0	0	0	0	0	0	0	0.0
65_26	0	0	0	0	0	0	0	0.0
65_27	0	0	0	0	0	0	0	0.0
65_28	0	0	0	0	0	0	0	0.0
65_29	0	0	0	0	0	0	0	0.0
65_30	0	0	0	0	0	0	0	0.0
65_31	0	0	0	0	0	0	0	0.0
65_32	0	0	0	0	0	0	0	0.0
65_33	0	0	0	0	0	0	0	0.0
65_34	0	0	0	0	0	0	0	0.0
65_35	0	0	0	0	0	0	0	0.0
65_36	0	0	0	0	0	0	0	0.0
65_37	0	0	0	0	0	0	0	0.0
65_38	0	0	0	0	0	0	0	0.0
65_39	0	0	0	0	0	0	0	0.0
65_40	0	0	0	0	0	0	0	0.0
65_41	0	0	0	0	0	0	0	0.0
65_42	0	0	0	0	0	0	0	0.0
65_43	0	0	0	0	0	0	0	0.0
65_44	0	0	0	0	0	0	0	0.0
65_45	0	0	0	0	0	0	0	0.0
65_46	0	0	0	0	0	0	0	0.0
65_47	0	0	0	0	0	0	0	0.0
65_48	0	0	0	0	0	0	0	0.0
65_49	0	0	0	0	0	0	0	0.0
65_50	0	0	0	0	0	0	0	0.0
65_51	0	0	0	0	0	0	0	0.0
65_52	0	0	0	0	0	0	0	0.0
65_53	0	0	0	0	0	0	0	0.0
65_54	0	0	0	0	0	0	0	0.0
65_55	0	0	0	0	0	0	0	0.0
65_56	0	0	0	0	0	0	0	0.0
65_57	0	0	0	0	0	0	0	0.0
65_58	0	0	0	0	0	0	0	0.0
65_59	0	0	0	0	0	0	0	0.0
65_60	0	0	0	0	0	0	0	0.0
65_61	1	1	0	0	0	0	0	0.6931471805599453
65_62	13	7	0	4	2	0	0	2.6390573296152584
65_63	4	4	0	0	0	0	0	1.6094379124341003
65_64	0	0	0	0	0	0	0	0.0
65_65	12	7	0	4	0	0	1	2.5649493574615367
65_66	0	0	0	0	0	0	0	0.0
65_67	0	0	0	0	0	0	0	0.0
65_68	0	0	0	0	0	0	0	0.0
65_69	0	0	0	0	0	0	0	0.0
65_70	0	0	0	0	0	0	0	0.0
65_71	0	0	0	0	0	0	0	0.0
65_72	0	0	0	0	0	0	0	0.0
65_73	0	0	0	0	0	0	0	0.0
65_74	0	0	0	0	0	0	0	0.0
65_75	0	0	0	0	0	0	0	0.0
65_76	0	0	0	0	0	0	0	0.0
65_77	0	0	0	0	0	0	0	0.0
65_78	0	0	0	0	0	0	0	0.0
65_79	0	0	0	0	0	0	0	0.0
65_80	0	0	0	0	0	0	0	0.0
65_81	0	0	0	0	0	0	0	0.0
65_82	0	0	0	0	0	0	0	0.0
65_83	0	0	0	0	0	0	0	0.0
65_84	0	0	0	0	0	0	0	0.0
65_85	0	0	0	0	0	0	0	0.0
65_86	0	0	0	0	0	0	0	0.0
65_87	0	0	0	0	0	0	0	0.0
65_88	0	0	0	0	0	0	0	0.0
65_89	0	0	0	0	0	0	0	0.0
65_90	0	0	0	0	0	0	0	0.0
65_91	0	0	0	0	0	0	0	0.0
65_92	0	0	0	0	0	0	0	0.0
65_93	0	0	0	0	0	0	0	0.0
65_94	0	0	0	0	0	0	0	0.0
65_95	0	0	0	0	0	0	0	0.0
65_96	0	0	0	0	0	0	0	0.0
65_97	0	0	0	0	0	0	0	0.0
65_98	0	0	0	0	0	0	0	0.0
65_99	0	0	0	0	0	0	0	0.0
65_100	0	0	0	0	0	0	0	0.0
66_1	0	0	0	0	0	0	0	0.0
66_2	0	0	0	0	0	0	0	0.0
66_3	0	0	0	0	0	0	0	0.0
66_4	0	0	0	0	0	0	0	0.0
66_5	0	0	0	0	0	0	0	0.0
66_6	0	0	0	0	0	0	0	0.0
66_7	0	0	0	0	0	0	0	0.0
66_8	0	0	0	0	0	0	0	0.0
66_9	0	0	0	0	0	0	0	0.0
66_10	0	0	0	0	0	0	0	0.0
66_11	0	0	0	0	0	0	0	0.0
66_12	0	0	0	0	0	0	0	0.0
66_13	0	0	0	0	0	0	0	0.0
66_14	0	0	0	0	0	0	0	0.0
66_15	0	0	0	0	0	0	0	0.0
66_16	0	0	0	0	0	0	0	0.0
66_17	0	0	0	0	0	0	0	0.0
66_18	0	0	0	0	0	0	0	0.0
66_19	0	0	0	0	0	0	0	0.0
66_20	0	0	0	0	0	0	0	0.0
66_21	0	0	0	0	0	0	0	0.0
66_22	0	0	0	0	0	0	0	0.0
66_23	0	0	0	0	0	0	0	0.0
66_24	0	0	0	0	0	0	0	0.0
66_25	0	0	0	0	0	0	0	0.0
66_26	0	0	0	0	0	0	0	0.0
66_27	0	0	0	0	0	0	0	0.0
66_28	0	0	0	0	0	0	0	0.0
66_29	0	0	0	0	0	0	0	0.0
66_30	0	0	0	0	0	0	0	0.0
66_31	0	0	0	0	0	0	0	0.0
66_32	0	0	0	0	0	0	0	0.0
66_33	0	0	0	0	0	0	0	0.0
66_34	0	0	0	0	0	0	0	0.0
66_35	0	0	0	0	0	0	0	0.0
66_36	0	0	0	0	0	0	0	0.0
66_37	0	0	0	0	0	0	0	0.0
66_38	0	0	0	0	0	0	0	0.0
66_39	0	0	0	0	0	0	0	0.0
66_40	0	0	0	0	0	0	0	0.0
66_41	0	0	0	0	0	0	0	0.0
66_42	0	0	0	0	0	0	0	0.0
66_43	0	0	0	0	0	0	0	0.0
66_44	0	0	0	0	0	0	0	0.0
66_45	0	0	0	0	0	0	0	0.0
66_46	0	0	0	0	0	0	0	0.0
66_47	0	0	0	0	0	0	0	0.0
66_48	0	0	0	0	0	0	0	0.0
66_49	0	0	0	0	0	0	0	0.0
66_50	0	0	0	0	0	0	0	0.0
66_51	0	0	0	0	0	0	0	0.0
66_52	0	0	0	0	0	0	0	0.0
66_53	0	0	0	0	0	0	0	0.0
66_54	0	0	0	0	0	0	0	0.0
66_55	0	0	0	0	0	0	0	0.0
66_56	0	0	0	0	0	0	0	0.0
66_57	0	0	0	0	0	0	0	0.0
66_58	0	0	0	0	0	0	0	0.0
66_59	0	0	0	0	0	0	0	0.0
66_60	0	0	0	0	0	0	0	0.0
66_61	0	0	0	0	0	0	0	0.0
66_62	0	0	0	0	0	0	0	0.0
66_63	0	0	0	0	0	0	0	0.0
66_64	0	0	0	0	0	0	0	0.0
66_65	0	0	0	0	0	0	0	0.0
66_66	0	0	0	0	0	0	0	0.0
66_67	0	0	0	0	0	0	0	0.0
66_68	0	0	0	0	0	0	0	0.0
66_69	0	0	0	0	0	0	0	0.0
66_70	0	0	0	0	0	0	0	0.0
66_71	0	0	0	0	0	0	0	0.0
66_72	0	0	0	0	0	0	0	0.0
66_73	0	0	0	0	0	0	0	0.0
66_74	0	0	0	0	0	0	0	0.0
66_75	0	0	0	0	0	0	0	0.0
66_76	0	0	0	0	0	0	0	0.0
66_77	0	0	0	0	0	0	0	0.0
66_78	0	0	0	0	0	0	0	0.0
66_79	0	0	0	0	0	0	0	0.0
66_80	0	0	0	0	0	0	0	0.0
66_81	0	0	0	0	0	0	0	0.0
66_82	0	0	0	0	0	0	0	0.0
66_83	0	0	0	0	0	0	0	0.0
66_84	0	0	0	0	0	0	0	0.0
66_85	0	0	0	0	0	0	0	0.0
66_86	0	0	0	0	0	0	0	0.0
66_87	0	0	0	0	0	0	0	0.0
66_88	0	0	0	0	0	0	0	0.0
66_89	0	0	0	0	0	0	0	0.0
66_90	0	0	0	0	0	0	0	0.0
66_91	0	0	0	0	0	0	0	0.0
66_92	0	0	0	0	0	0	0	0.0
66_93	0	0	0	0	0	0	0	0.0
66_94	0	0	0	0	0	0	0	0.0
66_95	0	0	0	0	0	0	0	0.0
66_96	0	0	0	0	0	0	0	0.0
66_97	0	0	0	0	0	0	0	0.0
66_98	0	0	0	0	0	0	0	0.0
66_99	0	0	0	0	0	0	0	0.0
66_100	0	0	0	0	0	0	0	0.0
67_1	0	0	0	0	0	0	0	0.0
67_2	0	0	0	0	0	0	0	0.0
67_3	0	0	0	0	0	0	0	0.0
67_4	0	0	0	0	0	0	0	0.0
67_5	0	0	0	0	0	0	0	0.0
67_6	0	0	0	0	0	0	0	0.0
67_7	0	0	0	0	0	0	0	0.0
67_8	0	0	0	0	0	0	0	0.0
67_9	0	0	0	0	0	0	0	0.0
67_10	0	0	0	0	0	0	0	0.0
67_11	0	0	0	0	0	0	0	0.0
67_12	0	0	0	0	0	0	0	0.0
67_13	0	0	0	0	0	0	0	0.0
67_14	0	0	0	0	0	0	0	0.0
67_15	0	0	0	0	0	0	0	0.0
67_16	0	0	0	0	0	0	0	0.0
67_17	0	0	0	0	0	0	0	0.0
67_18	0	0	0	0	0	0	0	0.0
67_19	0	0	0	0	0	0	0	0.0
67_20	0	0	0	0	0	0	0	0.0
67_21	0	0	0	0	0	0	0	0.0
67_22	0	0	0	0	0	0	0	0.0
67_23	0	0	0	0	0	0	0	0.0
67_24	0	0	0	0	0	0	0	0.0
67_25	0	0	0	0	0	0	0	0.0
67_26	0	0	0	0	0	0	0	0.0
67_27	0	0	0	0	0	0	0	0.0
67_28	0	0	0	0	0	0	0	0.0
67_29	0	0	0	0	0	0	0	0.0
67_30	0	0	0	0	0	0	0	0.0
67_31	0	0	0	0	0	0	0	0.0
67_32	0	0	0	0	0	0	0	0.0
67_33	0	0	0	0	0	0	0	0.0
67_34	0	0	0	0	0	0	0	0.0
67_35	0	0	0	0	0	0	0	0.0
67_36	0	0	0	0	0	0	0	0.0
67_37	0	0	0	0	0	0	0	0.0
67_38	0	0	0	0	0	0	0	0.0
67_39	0	0	0	0	0	0	0	0.0
67_40	0	0	0	0	0	0	0	0.0
67_41	0	0	0	0	0	0	0	0.0
67_42	0	0	0	0	0	0	0	0.0
67_43	0	0	0	0	0	0	0	0.0
67_44	0	0	0	0	0	0	0	0.0
67_45	0	0	0	0	0	0	0	0.0
67_46	0	0	0	0	0	0	0	0.0
67_47	0	0	0	0	0	0	0	0.0
67_48	0	0	0	0	0	0	0	0.0
67_49	0	0	0	0	0	0	0	0.0
67_50	0	0	0	0	0	0	0	0.0
67_51	0	0	0	0	0	0	0	0.0
67_52	0	0	0	0	0	0	0	0.0
67_53	0	0	0	0	0	0	0	0.0
67_54	0	0	0	0	0	0	0	0.0
67_55	0	0	0	0	0	0	0	0.0
67_56	0	0	0	0	0	0	0	0.0
67_57	0	0	0	0	0	0	0	0.0
67_58	0	0	0	0	0	0	0	0.0
67_59	0	0	0	0	0	0	0	0.0
67_60	0	0	0	0	0	0	0	0.0
67_61	0	0	0	0	0	0	0	0.0
67_62	0	0	0	0	0	0	0	0.0
67_63	0	0	0	0	0	0	0	0.0
67_64	0	0	0	0	0	0	0	0.0
67_65	0	0	0	0	0	0	0	0.0
67_66	0	0	0	0	0	0	0	0.0
67_67	0	0	0	0	0	0	0	0.0
67_68	0	0	0	0	0	0	0	0.0
67_69	0	0	0	0	0	0	0	0.0
67_70	0	0	0	0	0	0	0	0.0
67_71	0	0	0	0	0	0	0	0.0
67_72	0	0	0	0	0	0	0	0.0
67_73	0	0	0	0	0	0	0	0.0
67_74	0	0	0	0	0	0	0	0.0
67_75	0	0	0	0	0	0	0	0.0
67_76	0	0	0	0	0	0	0	0.0
67_77	0	0	0	0	0	0	0	0.0
67_78	0	0	0	0	0	0	0	0.0
67_79	0	0	0	0	0	0	0	0.0
67_80	0	0	0	0	0	0	0	0.0
67_81	0	0	0	0	0	0	0	0.0
67_82	0	0	0	0	0	0	0	0.0
67_83	0	0	0	0	0	0	0	0.0
67_84	0	0	0	0	0	0	0	0.0
67_85	0	0	0	0	0	0	0	0.0
67_86	0	0	0	0	0	0	0	0.0
67_87	0	0	0	0	0	0	0	0.0
67_88	0	0	0	0	0	0	0	0.0
67_89	0	0	0	0	0	0	0	0.0
67_90	0	0	0	0	0	0	0	0.0
67_91	0	0	0	0	0	0	0	0.0
67_92	0	0	0	0	0	0	0	0.0
67_93	0	0	0	0	0	0	0	0.0
67_94	0	0	0	0	0	0	0	0.0
67_95	0	0	0	0	0	0	0	0.0
67_96	0	0	0	0	0	0	0	0.0
67_97	0	0	0	0	0	0	0	0.0
67_98	0	0	0	0	0	0	0	0.0
67_99	0	0	0	0	0	0	0	0.0
67_100	0	0	0	0	0	0	0	0.0
68_1	0	0	0	0	0	0	0	0.0
68_2	0	0	0	0	0	0	0	0.0
68_3	0	0	0	0	0	0	0	0.0
68_4	0	0	0	0	0	0	0	0.0
68_5	0	0	0	0	0	0	0	0.0
68_6	0	0	0	0	0	0	0	0.0
68_7	0	0	0	0	0	0	0	0.0
68_8	0	0	0	0	0	0	0	0.0
68_9	0	0	0	0	0	0	0	0.0
68_10	0	0	0	0	0	0	0	0.0
68_11	0	0	0	0	0	0	0	0.0
68_12	0	0	0	0	0	0	0	0.0
68_13	0	0	0	0	0	0	0	0.0
68_14	0	0	0	0	0	0	0	0.0
68_15	0	0	0	0	0	0	0	0.0
68_16	0	0	0	0	0	0	0	0.0
68_17	0	0	0	0	0	0	0	0.0
68_18	0	0	0	0	0	0	0	0.0
68_19	0	0	0	0	0	0	0	0.0
68_20	0	0	0	0	0	0	0	0.0
68_21	0	0	0	0	0	0	0	0.0
68_22	0	0	0	0	0	0	0	0.0
68_23	0	0	0	0	0	0	0	0.0
68_24	0	0	0	0	0	0	0	0.0
68_25	0	0	0	0	0	0	0	0.0
68_26	0	0	0	0	0	0	0	0.0
68_27	0	0	0	0	0	0	0	0.0
68_28	0	0	0	0	0	0	0	0.0
68_29	0	0	0	0	0	0	0	0.0
68_30	0	0	0	0	0	0	0	0.0
68_31	0	0	0	0	0	0	0	0.0
68_32	0	0	0	0	0	0	0	0.0
68_33	0	0	0	0	0	0	0	0.0
68_34	0	0	0	0	0	0	0	0.0
68_35	0	0	0	0	0	0	0	0.0
68_36	0	0	0	0	0	0	0	0.0
68_37	0	0	0	0	0	0	0	0.0
68_38	0	0	0	0	0	0	0	0.0
68_39	0	0	0	0	0	0	0	0.0
68_40	0	0	0	0	0	0	0	0.0
68_41	0	0	0	0	0	0	0	0.0
68_42	0	0	0	0	0	0	0	0.0
68_43	0	0	0	0	0	0	0	0.0
68_44	0	0	0	0	0	0	0	0.0
68_45	0	0	0	0	0	0	0	0.0
68_46	0	0	0	0	0	0	0	0.0
68_47	0	0	0	0	0	0	0	0.0
68_48	0	0	0	0	0	0	0	0.0
68_49	0	0	0	0	0	0	0	0.0
68_50	0	0	0	0	0	0	0	0.0
68_51	0	0	0	0	0	0	0	0.0
68_52	0	0	0	0	0	0	0	0.0
68_53	0	0	0	0	0	0	0	0.0
68_54	0	0	0	0	0	0	0	0.0
68_55	0	0	0	0	0	0	0	0.0
68_56	0	0	0	0	0	0	0	0.0
68_57	0	0	0	0	0	0	0	0.0
68_58	0	0	0	0	0	0	0	0.0
68_59	0	0	0	0	0	0	0	0.0
68_60	0	0	0	0	0	0	0	0.0
68_61	0	0	0	0	0	0	0	0.0
68_62	0	0	0	0	0	0	0	0.0
68_63	0	0	0	0	0	0	0	0.0
68_64	0	0	0	0	0	0	0	0.0
68_65	0	0	0	0	0	0	0	0.0
68_66	0	0	0	0	0	0	0	0.0
68_67	0	0	0	0	0	0	0	0.0
68_68	0	0	0	0	0	0	0	0.0
68_69	0	0	0	0	0	0	0	0.0
68_70	0	0	0	0	0	0	0	0.0
68_71	0	0	0	0	0	0	0	0.0
68_72	0	0	0	0	0	0	0	0.0
68_73	0	0	0	0	0	0	0	0.0
68_74	0	0	0	0	0	0	0	0.0
68_75	0	0	0	0	0	0	0	0.0
68_76	0	0	0	0	0	0	0	0.0
68_77	0	0	0	0	0	0	0	0.0
68_78	0	0	0	0	0	0	0	0.0
68_79	0	0	0	0	0	0	0	0.0
68_80	0	0	0	0	0	0	0	0.0
68_81	0	0	0	0	0	0	0	0.0
68_82	0	0	0	0	0	0	0	0.0
68_83	0	0	0	0	0	0	0	0.0
68_84	0	0	0	0	0	0	0	0.0
68_85	0	0	0	0	0	0	0	0.0
68_86	0	0	0	0	0	0	0	0.0
68_87	0	0	0	0	0	0	0	0.0
68_88	0	0	0	0	0	0	0	0.0
68_89	0	0	0	0	0	0	0	0.0
68_90	0	0	0	0	0	0	0	0.0
68_91	0	0	0	0	0	0	0	0.0
68_92	0	0	0	0	0	0	0	0.0
68_93	0	0	0	0	0	0	0	0.0
68_94	0	0	0	0	0	0	0	0.0
68_95	0	0	0	0	0	0	0	0.0
68_96	0	0	0	0	0	0	0	0.0
68_97	0	0	0	0	0	0	0	0.0
68_98	0	0	0	0	0	0	0	0.0
68_99	0	0	0	0	0	0	0	0.0
68_100	0	0	0	0	0	0	0	0.0
69_1	0	0	0	0	0	0	0	0.0
69_2	0	0	0	0	0	0	0	0.0
69_3	0	0	0	0	0	0	0	0.0
69_4	0	0	0	0	0	0	0	0.0
69_5	0	0	0	0	0	0	0	0.0
69_6	0	0	0	0	0	0	0	0.0
69_7	0	0	0	0	0	0	0	0.0
69_8	0	0	0	0	0	0	0	0.0
69_9	0	0	0	0	0	0	0	0.0
69_10	0	0	0	0	0	0	0	0.0
69_11	0	0	0	0	0	0	0	0.0
69_12	0	0	0	0	0	0	0	0.0
69_13	0	0	0	0	0	0	0	0.0
69_14	0	0	0	0	0	0	0	0.0
69_15	0	0	0	0	0	0	0	0.0
69_16	0	0	0	0	0	0	0	0.0
69_17	0	0	0	0	0	0	0	0.0
69_18	0	0	0	0	0	0	0	0.0
69_19	0	0	0	0	0	0	0	0.0
69_20	0	0	0	0	0	0	0	0.0
69_21	0	0	0	0	0	0	0	0.0
69_22	0	0	0	0	0	0	0	0.0
69_23	0	0	0	0	0	0	0	0.0
69_24	0	0	0	0	0	0	0	0.0
69_25	0	0	0	0	0	0	0	0.0
69_26	0	0	0	0	0	0	0	0.0
69_27	0	0	0	0	0	0	0	0.0
69_28	0	0	0	0	0	0	0	0.0
69_29	0	0	0	0	0	0	0	0.0
69_30	0	0	0	0	0	0	0	0.0
69_31	0	0	0	0	0	0	0	0.0
69_32	0	0	0	0	0	0	0	0.0
69_33	0	0	0	0	0	0	0	0.0
69_34	0	0	0	0	0	0	0	0.0
69_35	0	0	0	0	0	0	0	0.0
69_36	0	0	0	0	0	0	0	0.0
69_37	0	0	0	0	0	0	0	0.0
69_38	0	0	0	0	0	0	0	0.0
69_39	0	0	0	0	0	0	0	0.0
69_40	0	0	0	0	0	0	0	0.0
69_41	0	0	0	0	0	0	0	0.0
69_42	0	0	0	0	0	0	0	0.0
69_43	0	0	0	0	0	0	0	0.0
69_44	0	0	0	0	0	0	0	0.0
69_45	0	0	0	0	0	0	0	0.0
69_46	0	0	0	0	0	0	0	0.0
69_47	0	0	0	0	0	0	0	0.0
69_48	0	0	0	0	0	0	0	0.0
69_49	0	0	0	0	0	0	0	0.0
69_50	0	0	0	0	0	0	0	0.0
69_51	0	0	0	0	0	0	0	0.0
69_52	0	0	0	0	0	0	0	0.0
69_53	0	0	0	0	0	0	0	0.0
69_54	0	0	0	0	0	0	0	0.0
69_55	0	0	0	0	0	0	0	0.0
69_56	0	0	0	0	0	0	0	0.0
69_57	0	0	0	0	0	0	0	0.0
69_58	0	0	0	0	0	0	0	0.0
69_59	0	0	0	0	0	0	0	0.0
69_60	0	0	0	0	0	0	0	0.0
69_61	0	0	0	0	0	0	0	0.0
69_62	0	0	0	0	0	0	0	0.0
69_63	0	0	0	0	0	0	0	0.0
69_64	0	0	0	0	0	0	0	0.0
69_65	0	0	0	0	0	0	0	0.0
69_66	0	0	0	0	0	0	0	0.0
69_67	0	0	0	0	0	0	0	0.0
69_68	0	0	0	0	0	0	0	0.0
69_69	0	0	0	0	0	0	0	0.0
69_70	0	0	0	0	0	0	0	0.0
69_71	0	0	0	0	0	0	0	0.0
69_72	0	0	0	0	0	0	0	0.0
69_73	0	0	0	0	0	0	0	0.0
69_74	0	0	0	0	0	0	0	0.0
69_75	0	0	0	0	0	0	0	0.0
69_76	0	0	0	0	0	0	0	0.0
69_77	0	0	0	0	0	0	0	0.0
69_78	0	0	0	0	0	0	0	0.0
69_79	0	0	0	0	0	0	0	0.0
69_80	0	0	0	0	0	0	0	0.0
69_81	0	0	0	0	0	0	0	0.0
69_82	0	0	0	0	0	0	0	0.0
69_83	0	0	0	0	0	0	0	0.0
69_84	0	0	0	0	0	0	0	0.0
69_85	0	0	0	0	0	0	0	0.0
69_86	0	0	0	0	0	0	0	0.0
69_87	0	0	0	0	0	0	0	0.0
69_88	0	0	0	0	0	0	0	0.0
69_89	0	0	0	0	0	0	0	0.0
69_90	0	0	0	0	0	0	0	0.0
69_91	0	0	0	0	0	0	0	0.0
69_92	0	0	0	0	0	0	0	0.0
69_93	0	0	0	0	0	0	0	0.0
69_94	0	0	0	0	0	0	0	0.0
69_95	0	0	0	0	0	0	0	0.0
69_96	0	0	0	0	0	0	0	0.0
69_97	0	0	0	0	0	0	0	0.0
69_98	0	0	0	0	0	0	0	0.0
69_99	0	0	0	0	0	0	0	0.0
69_100	0	0	0	0	0	0	0	0.0
70_1	0	0	0	0	0	0	0	0.0
70_2	0	0	0	0	0	0	0	0.0
70_3	0	0	0	0	0	0	0	0.0
70_4	0	0	0	0	0	0	0	0.0
70_5	0	0	0	0	0	0	0	0.0
70_6	0	0	0	0	0	0	0	0.0
70_7	0	0	0	0	0	0	0	0.0
70_8	0	0	0	0	0	0	0	0.0
70_9	0	0	0	0	0	0	0	0.0
70_10	0	0	0	0	0	0	0	0.0
70_11	0	0	0	0	0	0	0	0.0
70_12	0	0	0	0	0	0	0	0.0
70_13	0	0	0	0	0	0	0	0.0
70_14	0	0	0	0	0	0	0	0.0
70_15	0	0	0	0	0	0	0	0.0
70_16	0	0	0	0	0	0	0	0.0
70_17	0	0	0	0	0	0	0	0.0
70_18	0	0	0	0	0	0	0	0.0
70_19	0	0	0	0	0	0	0	0.0
70_20	0	0	0	0	0	0	0	0.0
70_21	0	0	0	0	0	0	0	0.0
70_22	0	0	0	0	0	0	0	0.0
70_23	0	0	0	0	0	0	0	0.0
70_24	0	0	0	0	0	0	0	0.0
70_25	0	0	0	0	0	0	0	0.0
70_26	0	0	0	0	0	0	0	0.0
70_27	0	0	0	0	0	0	0	0.0
70_28	0	0	0	0	0	0	0	0.0
70_29	0	0	0	0	0	0	0	0.0
70_30	0	0	0	0	0	0	0	0.0
70_31	0	0	0	0	0	0	0	0.0
70_32	0	0	0	0	0	0	0	0.0
70_33	0	0	0	0	0	0	0	0.0
70_34	0	0	0	0	0	0	0	0.0
70_35	0	0	0	0	0	0	0	0.0
70_36	0	0	0	0	0	0	0	0.0
70_37	0	0	0	0	0	0	0	0.0
70_38	0	0	0	0	0	0	0	0.0
70_39	0	0	0	0	0	0	0	0.0
70_40	0	0	0	0	0	0	0	0.0
70_41	0	0	0	0	0	0	0	0.0
70_42	0	0	0	0	0	0	0	0.0
70_43	0	0	0	0	0	0	0	0.0
70_44	0	0	0	0	0	0	0	0.0
70_45	0	0	0	0	0	0	0	0.0
70_46	0	0	0	0	0	0	0	0.0
70_47	0	0	0	0	0	0	0	0.0
70_48	0	0	0	0	0	0	0	0.0
70_49	0	0	0	0	0	0	0	0.0
70_50	0	0	0	0	0	0	0	0.0
70_51	0	0	0	0	0	0	0	0.0
70_52	0	0	0	0	0	0	0	0.0
70_53	0	0	0	0	0	0	0	0.0
70_54	0	0	0	0	0	0	0	0.0
70_55	0	0	0	0	0	0	0	0.0
70_56	0	0	0	0	0	0	0	0.0
70_57	0	0	0	0	0	0	0	0.0
70_58	0	0	0	0	0	0	0	0.0
70_59	0	0	0	0	0	0	0	0.0
70_60	0	0	0	0	0	0	0	0.0
70_61	0	0	0	0	0	0	0	0.0
70_62	0	0	0	0	0	0	0	0.0
70_63	0	0	0	0	0	0	0	0.0
70_64	0	0	0	0	0	0	0	0.0
70_65	0	0	0	0	0	0	0	0.0
70_66	0	0	0	0	0	0	0	0.0
70_67	0	0	0	0	0	0	0	0.0
70_68	0	0	0	0	0	0	0	0.0
70_69	0	0	0	0	0	0	0	0.0
70_70	0	0	0	0	0	0	0	0.0
70_71	0	0	0	0	0	0	0	0.0
70_72	0	0	0	0	0	0	0	0.0
70_73	0	0	0	0	0	0	0	0.0
70_74	0	0	0	0	0	0	0	0.0
70_75	0	0	0	0	0	0	0	0.0
70_76	0	0	0	0	0	0	0	0.0
70_77	0	0	0	0	0	0	0	0.0
70_78	0	0	0	0	0	0	0	0.0
70_79	0	0	0	0	0	0	0	0.0
70_80	0	0	0	0	0	0	0	0.0
70_81	0	0	0	0	0	0	0	0.0
70_82	0	0	0	0	0	0	0	0.0
70_83	0	0	0	0	0	0	0	0.0
70_84	0	0	0	0	0	0	0	0.0
70_85	0	0	0	0	0	0	0	0.0
70_86	0	0	0	0	0	0	0	0.0
70_87	0	0	0	0	0	0	0	0.0
70_88	0	0	0	0	0	0	0	0.0
70_89	0	0	0	0	0	0	0	0.0
70_90	0	0	0	0	0	0	0	0.0
70_91	0	0	0	0	0	0	0	0.0
70_92	0	0	0	0	0	0	0	0.0
70_93	0	0	0	0	0	0	0	0.0
70_94	0	0	0	0	0	0	0	0.0
70_95	0	0	0	0	0	0	0	0.0
70_96	0	0	0	0	0	0	0	0.0
70_97	0	0	0	0	0	0	0	0.0
70_98	0	0	0	0	0	0	0	0.0
70_99	0	0	0	0	0	0	0	0.0
70_100	0	0	0	0	0	0	0	0.0
